zone_id,unmet_normal_m3h,unmet_critical_m3h
ZON_0000,0.0,0.0
ZON_0001,0.0,0.0
ZON_0002,0.0,0.0
ZON_0003,0.0,0.0
ZON_0004,0.0,0.0
ZON_0005,0.0,0.0
ZON_0006,0.0,0.0
ZON_0007,0.0,0.0
ZON_0008,0.0,0.0
ZON_0009,0.0,0.0
ZON_0010,0.0,0.0
ZON_0011,0.0,0.0
ZON_0012,0.0,0.0
ZON_0013,0.0,0.0
ZON_0014,0.0,0.0
ZON_0015,0.0,0.0
ZON_0016,0.0,0.0
ZON_0017,0.0,0.0
ZON_0018,0.0,0.0
ZON_0019,0.0,0.0
ZON_0020,0.0,0.0
ZON_0021,0.0,0.0
ZON_0022,0.0,0.0
ZON_0023,0.0,0.0
ZON_0024,0.0,0.0
ZON_0025,0.0,0.0
ZON_0026,0.0,0.0
ZON_0027,0.0,0.0
ZON_0028,0.0,0.0
ZON_0029,0.0,0.0
ZON_0030,0.0,0.0
ZON_0031,0.0,0.0
ZON_0032,0.0,0.0
ZON_0033,0.0,0.0
ZON_0034,0.0,0.0
ZON_0035,0.0,0.0
ZON_0036,0.0,0.0
ZON_0037,0.0,0.0
ZON_0038,0.0,0.0
ZON_0039,0.0,0.0
ZON_0040,0.0,0.0
ZON_0041,0.0,0.0
ZON_0042,0.0,0.0
ZON_0043,0.0,0.0
ZON_0044,0.0,0.0
ZON_0045,0.0,0.0
ZON_0046,0.0,0.0
ZON_0047,0.0,0.0
ZON_0048,0.0,0.0
ZON_0049,0.0,0.0
ZON_0050,0.0,0.0
ZON_0051,0.0,0.0
ZON_0052,0.0,0.0
ZON_0053,0.0,0.0
ZON_0054,0.0,0.0
ZON_0055,0.0,0.0
ZON_0056,0.0,0.0
ZON_0057,0.0,0.0
ZON_0058,0.0,0.0
ZON_0059,0.0,0.0
ZON_0060,0.0,0.0
ZON_0061,0.0,0.0
ZON_0062,0.0,0.0
ZON_0063,0.0,0.0
ZON_0064,0.0,0.0
ZON_0065,0.0,0.0
ZON_0066,0.0,0.0
ZON_0067,0.0,0.0
ZON_0068,0.0,0.0
ZON_0069,0.0,0.0
ZON_0070,0.0,0.0
ZON_0071,0.0,0.0
ZON_0072,0.0,0.0
ZON_0073,0.0,0.0
ZON_0074,0.0,0.0
ZON_0075,0.0,0.0
ZON_0076,0.0,0.0
ZON_0077,0.0,0.0
ZON_0078,0.0,0.0
ZON_0079,0.0,0.0
ZON_0080,0.0,0.0
ZON_0081,0.0,0.0
ZON_0082,0.0,0.0
ZON_0083,0.0,0.0
ZON_0084,0.0,0.0
ZON_0085,0.0,0.0
ZON_0086,0.0,0.0
ZON_0087,0.0,0.0
ZON_0088,0.0,0.0
ZON_0089,0.0,0.0
ZON_0090,0.0,0.0
ZON_0091,0.0,0.0
ZON_0092,0.0,0.0
ZON_0093,0.0,0.0
ZON_0094,0.0,0.0
ZON_0095,0.0,0.0
ZON_0096,0.0,0.0
ZON_0097,0.0,0.0
ZON_0098,0.0,0.0
ZON_0099,0.0,0.0
ZON_0100,0.0,0.0
ZON_0101,0.0,0.0
ZON_0102,0.0,0.0
ZON_0103,0.0,0.0
ZON_0104,0.0,0.0
ZON_0105,0.0,0.0
ZON_0106,0.0,0.0
ZON_0107,0.0,0.0
ZON_0108,0.0,0.0
ZON_0109,0.0,0.0
ZON_0110,0.0,0.0
ZON_0111,0.0,0.0
ZON_0112,0.0,0.0
ZON_0113,0.0,0.0
ZON_0114,0.0,0.0
ZON_0115,0.0,0.0
ZON_0116,0.0,0.0
ZON_0117,0.0,0.0
ZON_0118,0.0,0.0
ZON_0119,0.0,0.0
ZON_0120,0.0,0.0
ZON_0121,0.0,0.0
ZON_0122,0.0,0.0
ZON_0123,0.0,0.0
ZON_0124,0.0,0.0
ZON_0125,0.0,0.0
ZON_0126,0.0,0.0
ZON_0127,0.0,0.0
ZON_0128,0.0,0.0
ZON_0129,0.0,0.0
ZON_0130,0.0,0.0
ZON_0131,0.0,0.0
ZON_0132,0.0,0.0
ZON_0133,0.0,0.0
ZON_0134,0.0,0.0
ZON_0135,0.0,0.0
ZON_0136,0.0,0.0
ZON_0137,0.0,0.0
ZON_0138,0.0,0.0
ZON_0139,0.0,0.0
ZON_0140,0.0,0.0
ZON_0141,0.0,0.0
ZON_0142,0.0,0.0
ZON_0143,0.0,0.0
ZON_0144,0.0,0.0
ZON_0145,0.0,0.0
ZON_0146,0.0,0.0
ZON_0147,0.0,0.0
ZON_0148,0.0,0.0
ZON_0149,0.0,0.0
ZON_0150,0.0,0.0
ZON_0151,0.0,0.0
ZON_0152,0.0,0.0
ZON_0153,0.0,0.0
ZON_0154,0.0,0.0
ZON_0155,0.0,0.0
ZON_0156,0.0,0.0
ZON_0157,0.0,0.0
ZON_0158,0.0,0.0
ZON_0159,0.0,0.0
ZON_0160,0.0,0.0
ZON_0161,0.0,0.0
ZON_0162,0.0,0.0
ZON_0163,0.0,0.0
ZON_0164,0.0,0.0
ZON_0165,0.0,0.0
ZON_0166,0.0,0.0
ZON_0167,0.0,0.0
ZON_0168,0.0,0.0
ZON_0169,0.0,0.0
ZON_0170,0.0,0.0
ZON_0171,0.0,0.0
ZON_0172,0.0,0.0
ZON_0173,0.0,0.0
ZON_0174,0.0,0.0
ZON_0175,0.0,0.0
ZON_0176,0.0,0.0
ZON_0177,0.0,0.0
ZON_0178,0.0,0.0
ZON_0179,0.0,0.0
ZON_0180,0.0,0.0
ZON_0181,0.0,0.0
ZON_0182,0.0,0.0
ZON_0183,0.0,0.0
ZON_0184,0.0,0.0
ZON_0185,0.0,0.0
ZON_0186,0.0,0.0
ZON_0187,0.0,0.0
ZON_0188,0.0,0.0
ZON_0189,0.0,0.0
ZON_0190,0.0,0.0
ZON_0191,0.0,0.0
ZON_0192,0.0,0.0
ZON_0193,0.0,0.0
ZON_0194,0.0,0.0
ZON_0195,0.0,0.0
ZON_0196,0.0,0.0
ZON_0197,0.0,0.0
ZON_0198,0.0,0.0
ZON_0199,0.0,0.0
ZON_0200,0.0,0.0
ZON_0201,0.0,0.0
ZON_0202,0.0,0.0
ZON_0203,0.0,0.0
ZON_0204,0.0,0.0
ZON_0205,0.0,0.0
ZON_0206,0.0,0.0
ZON_0207,0.0,0.0
ZON_0208,0.0,0.0
ZON_0209,0.0,0.0
ZON_0210,0.0,0.0
ZON_0211,0.0,0.0
ZON_0212,0.0,0.0
ZON_0213,0.0,0.0
ZON_0214,0.0,0.0
ZON_0215,0.0,0.0
ZON_0216,0.0,0.0
ZON_0217,0.0,0.0
ZON_0218,0.0,0.0
ZON_0219,0.0,0.0
ZON_0220,0.0,0.0
ZON_0221,0.0,0.0
ZON_0222,0.0,0.0
ZON_0223,0.0,0.0
ZON_0224,0.0,0.0
ZON_0225,0.0,0.0
ZON_0226,0.0,0.0
ZON_0227,0.0,0.0
ZON_0228,0.0,0.0
ZON_0229,0.0,0.0
ZON_0230,0.0,0.0
ZON_0231,0.0,0.0
ZON_0232,0.0,0.0
ZON_0233,0.0,0.0
ZON_0234,0.0,0.0
ZON_0235,0.0,0.0
ZON_0236,0.0,0.0
ZON_0237,0.0,0.0
ZON_0238,0.0,0.0
ZON_0239,0.0,0.0
ZON_0240,0.0,0.0
ZON_0241,0.0,0.0
ZON_0242,0.0,0.0
ZON_0243,0.0,0.0
ZON_0244,0.0,0.0
ZON_0245,0.0,0.0
ZON_0246,0.0,0.0
ZON_0247,0.0,0.0
ZON_0248,0.0,0.0
ZON_0249,0.0,0.0
ZON_0250,0.0,0.0
ZON_0251,0.0,0.0
ZON_0252,0.0,0.0
ZON_0253,0.0,0.0
ZON_0254,0.0,0.0
ZON_0255,0.0,0.0
ZON_0256,0.0,0.0
ZON_0257,0.0,0.0
ZON_0258,0.0,0.0
ZON_0259,0.0,0.0
ZON_0260,0.0,0.0
ZON_0261,0.0,0.0
ZON_0262,0.0,0.0
ZON_0263,0.0,0.0
ZON_0264,0.0,0.0
ZON_0265,0.0,0.0
ZON_0266,0.0,0.0
ZON_0267,0.0,0.0
ZON_0268,0.0,0.0
ZON_0269,0.0,0.0
ZON_0270,0.0,0.0
ZON_0271,0.0,0.0
ZON_0272,0.0,0.0
ZON_0273,0.0,0.0
ZON_0274,0.0,0.0
ZON_0275,0.0,0.0
ZON_0276,0.0,0.0
ZON_0277,0.0,0.0
ZON_0278,0.0,0.0
ZON_0279,0.0,0.0
ZON_0280,0.0,0.0
ZON_0281,0.0,0.0
ZON_0282,0.0,0.0
ZON_0283,0.0,0.0
ZON_0284,0.0,0.0
ZON_0285,0.0,0.0
ZON_0286,0.0,0.0
ZON_0287,0.0,0.0
ZON_0288,0.0,0.0
ZON_0289,0.0,0.0
ZON_0290,0.0,0.0
ZON_0291,0.0,0.0
ZON_0292,0.0,0.0
ZON_0293,0.0,0.0
ZON_0294,0.0,0.0
ZON_0295,0.0,0.0
ZON_0296,0.0,0.0
ZON_0297,0.0,0.0
ZON_0298,0.0,0.0
ZON_0299,0.0,0.0
ZON_0300,0.0,0.0
ZON_0301,0.0,0.0
ZON_0302,0.0,0.0
ZON_0303,0.0,0.0
ZON_0304,0.0,0.0
ZON_0305,0.0,0.0
ZON_0306,0.0,0.0
ZON_0307,0.0,0.0
ZON_0308,0.0,0.0
ZON_0309,0.0,0.0
ZON_0310,0.0,0.0
ZON_0311,0.0,0.0
ZON_0312,0.0,0.0
ZON_0313,0.0,0.0
ZON_0314,0.0,0.0
ZON_0315,0.0,0.0
ZON_0316,0.0,0.0
ZON_0317,0.0,0.0
ZON_0318,0.0,0.0
ZON_0319,0.0,0.0
ZON_0320,0.0,0.0
ZON_0321,0.0,0.0
ZON_0322,0.0,0.0
ZON_0323,0.0,0.0
ZON_0324,0.0,0.0
ZON_0325,0.0,0.0
ZON_0326,0.0,0.0
ZON_0327,0.0,0.0
ZON_0328,0.0,0.0
ZON_0329,0.0,0.0
ZON_0330,0.0,0.0
ZON_0331,0.0,0.0
ZON_0332,0.0,0.0
ZON_0333,0.0,0.0
ZON_0334,0.0,0.0
ZON_0335,0.0,0.0
ZON_0336,0.0,0.0
ZON_0337,0.0,0.0
ZON_0338,0.0,0.0
ZON_0339,0.0,0.0
ZON_0340,0.0,0.0
ZON_0341,0.0,0.0
ZON_0342,0.0,0.0
ZON_0343,0.0,0.0
ZON_0344,0.0,0.0
ZON_0345,0.0,0.0
ZON_0346,0.0,0.0
ZON_0347,0.0,0.0
ZON_0348,0.0,0.0
ZON_0349,0.0,0.0
ZON_0350,0.0,0.0
ZON_0351,0.0,0.0
ZON_0352,0.0,0.0
ZON_0353,0.0,0.0
ZON_0354,0.0,0.0
ZON_0355,0.0,0.0
ZON_0356,0.0,0.0
ZON_0357,0.0,0.0
ZON_0358,0.0,0.0
ZON_0359,0.0,0.0
ZON_0360,0.0,0.0
ZON_0361,0.0,0.0
ZON_0362,0.0,0.0
ZON_0363,0.0,0.0
ZON_0364,0.0,0.0
ZON_0365,0.0,0.0
ZON_0366,0.0,0.0
ZON_0367,0.0,0.0
ZON_0368,0.0,0.0
ZON_0369,0.0,0.0
ZON_0370,0.0,0.0
ZON_0371,0.0,0.0
ZON_0372,0.0,0.0
ZON_0373,0.0,0.0
ZON_0374,0.0,0.0
ZON_0375,0.0,0.0
ZON_0376,0.0,0.0
ZON_0377,0.0,0.0
ZON_0378,0.0,0.0
ZON_0379,0.0,0.0
ZON_0380,0.0,0.0
ZON_0381,0.0,0.0
ZON_0382,0.0,0.0
ZON_0383,0.0,0.0
ZON_0384,0.0,0.0
ZON_0385,0.0,0.0
ZON_0386,0.0,0.0
ZON_0387,0.0,0.0
ZON_0388,0.0,0.0
ZON_0389,0.0,0.0
ZON_0390,0.0,0.0
ZON_0391,0.0,0.0
ZON_0392,0.0,0.0
ZON_0393,0.0,0.0
ZON_0394,0.0,0.0
ZON_0395,0.0,0.0
ZON_0396,0.0,0.0
ZON_0397,0.0,0.0
ZON_0398,0.0,0.0
ZON_0399,0.0,0.0
ZON_0400,0.0,0.0
ZON_0401,0.0,0.0
ZON_0402,0.0,0.0
ZON_0403,0.0,0.0
ZON_0404,0.0,0.0
ZON_0405,0.0,0.0
ZON_0406,0.0,0.0
ZON_0407,0.0,0.0
ZON_0408,0.0,0.0
ZON_0409,0.0,0.0
ZON_0410,0.0,0.0
ZON_0411,0.0,0.0
ZON_0412,0.0,0.0
ZON_0413,0.0,0.0
ZON_0414,0.0,0.0
ZON_0415,0.0,0.0
ZON_0416,0.0,0.0
ZON_0417,0.0,0.0
ZON_0418,0.0,0.0
ZON_0419,0.0,0.0
ZON_0420,0.0,0.0
ZON_0421,0.0,0.0
ZON_0422,0.0,0.0
ZON_0423,0.0,0.0
ZON_0424,0.0,0.0
ZON_0425,0.0,0.0
ZON_0426,0.0,0.0
ZON_0427,0.0,0.0
ZON_0428,0.0,0.0
ZON_0429,0.0,0.0
ZON_0430,0.0,0.0
ZON_0431,0.0,0.0
ZON_0432,0.0,0.0
ZON_0433,0.0,0.0
ZON_0434,0.0,0.0
ZON_0435,0.0,0.0
ZON_0436,0.0,0.0
ZON_0437,0.0,0.0
ZON_0438,0.0,0.0
ZON_0439,0.0,0.0
ZON_0440,0.0,0.0
ZON_0441,0.0,0.0
ZON_0442,0.0,0.0
ZON_0443,0.0,0.0
ZON_0444,0.0,0.0
ZON_0445,0.0,0.0
ZON_0446,0.0,0.0
ZON_0447,0.0,0.0
ZON_0448,0.0,0.0
ZON_0449,0.0,0.0
ZON_0450,0.0,0.0
ZON_0451,0.0,0.0
ZON_0452,0.0,0.0
ZON_0453,0.0,0.0
ZON_0454,0.0,0.0
ZON_0455,0.0,0.0
ZON_0456,0.0,0.0
ZON_0457,0.0,0.0
ZON_0458,0.0,0.0
ZON_0459,0.0,0.0
ZON_0460,0.0,0.0
ZON_0461,0.0,0.0
ZON_0462,0.0,0.0
ZON_0463,0.0,0.0
ZON_0464,0.0,0.0
ZON_0465,0.0,0.0
ZON_0466,0.0,0.0
ZON_0467,0.0,0.0
ZON_0468,0.0,0.0
ZON_0469,0.0,0.0
ZON_0470,0.0,0.0
ZON_0471,0.0,0.0
ZON_0472,0.0,0.0
ZON_0473,0.0,0.0
ZON_0474,0.0,0.0
ZON_0475,0.0,0.0
ZON_0476,0.0,0.0
ZON_0477,0.0,0.0
ZON_0478,0.0,0.0
ZON_0479,0.0,0.0
ZON_0480,0.0,0.0
ZON_0481,0.0,0.0
ZON_0482,0.0,0.0
ZON_0483,0.0,0.0
ZON_0484,0.0,0.0
ZON_0485,0.0,0.0
ZON_0486,0.0,0.0
ZON_0487,0.0,0.0
ZON_0488,0.0,0.0
ZON_0489,0.0,0.0
ZON_0490,0.0,0.0
ZON_0491,0.0,0.0
ZON_0492,0.0,0.0
ZON_0493,0.0,0.0
ZON_0494,0.0,0.0
ZON_0495,0.0,0.0
ZON_0496,0.0,0.0
ZON_0497,0.0,0.0
ZON_0498,0.0,0.0
ZON_0499,0.0,0.0
ZON_0500,0.0,0.0
ZON_0501,0.0,0.0
ZON_0502,0.0,0.0
ZON_0503,0.0,0.0
ZON_0504,0.0,0.0
ZON_0505,0.0,0.0
ZON_0506,0.0,0.0
ZON_0507,0.0,0.0
ZON_0508,0.0,0.0
ZON_0509,0.0,0.0
ZON_0510,0.0,0.0
ZON_0511,0.0,0.0
ZON_0512,0.0,0.0
ZON_0513,0.0,0.0
ZON_0514,0.0,0.0
ZON_0515,0.0,0.0
ZON_0516,0.0,0.0
ZON_0517,0.0,0.0
ZON_0518,0.0,0.0
ZON_0519,0.0,0.0
ZON_0520,0.0,0.0
ZON_0521,0.0,0.0
ZON_0522,0.0,0.0
ZON_0523,0.0,0.0
ZON_0524,0.0,0.0
ZON_0525,0.0,0.0
ZON_0526,0.0,0.0
ZON_0527,0.0,0.0
ZON_0528,0.0,0.0
ZON_0529,0.0,0.0
ZON_0530,0.0,0.0
ZON_0531,0.0,0.0
ZON_0532,0.0,0.0
ZON_0533,0.0,0.0
ZON_0534,0.0,0.0
ZON_0535,0.0,0.0
ZON_0536,0.0,0.0
ZON_0537,0.0,0.0
ZON_0538,0.0,0.0
ZON_0539,0.0,0.0
ZON_0540,0.0,0.0
ZON_0541,0.0,0.0
ZON_0542,0.0,0.0
ZON_0543,0.0,0.0
ZON_0544,0.0,0.0
ZON_0545,0.0,0.0
ZON_0546,0.0,0.0
ZON_0547,0.0,0.0
ZON_0548,0.0,0.0
ZON_0549,0.0,0.0
ZON_0550,0.0,0.0
ZON_0551,0.0,0.0
ZON_0552,0.0,0.0
ZON_0553,0.0,0.0
ZON_0554,0.0,0.0
ZON_0555,0.0,0.0
ZON_0556,0.0,0.0
ZON_0557,0.0,0.0
ZON_0558,0.0,0.0
ZON_0559,0.0,0.0
ZON_0560,0.0,0.0
ZON_0561,0.0,0.0
ZON_0562,0.0,0.0
ZON_0563,0.0,0.0
ZON_0564,0.0,0.0
ZON_0565,0.0,0.0
ZON_0566,0.0,0.0
ZON_0567,0.0,0.0
ZON_0568,0.0,0.0
ZON_0569,0.0,0.0
ZON_0570,0.0,0.0
ZON_0571,0.0,0.0
ZON_0572,0.0,0.0
ZON_0573,0.0,0.0
ZON_0574,0.0,0.0
ZON_0575,0.0,0.0
ZON_0576,0.0,0.0
ZON_0577,0.0,0.0
ZON_0578,0.0,0.0
ZON_0579,0.0,0.0
ZON_0580,0.0,0.0
ZON_0581,0.0,0.0
ZON_0582,0.0,0.0
ZON_0583,0.0,0.0
ZON_0584,0.0,0.0
ZON_0585,0.0,0.0
ZON_0586,0.0,0.0
ZON_0587,0.0,0.0
ZON_0588,0.0,0.0
ZON_0589,0.0,0.0
ZON_0590,0.0,0.0
ZON_0591,0.0,0.0
ZON_0592,0.0,0.0
ZON_0593,0.0,0.0
ZON_0594,0.0,0.0
ZON_0595,0.0,0.0
ZON_0596,0.0,0.0
ZON_0597,0.0,0.0
ZON_0598,0.0,0.0
ZON_0599,0.0,0.0
