tank_id,fill_rate_m3h,discharge_rate_m3h,end_volume_m3,min_level_shortfall_m3,critical_level_shortfall_m3,depletion_vs_initial_m3
T_TNK_0000,0.0,1.1282,1131.402,0.0,0.0,27.078
T_TNK_0001,0.0,0.0,2720.35,0.0,0.0,0.0
T_TNK_0002,0.0,0.0,1004.54,0.0,0.0,0.0
T_TNK_0003,0.0,0.0,985.86,0.0,0.0,0.0
T_TNK_0004,0.0,0.0,407.53,0.0,0.0,0.0
T_TNK_0005,0.0,0.0,1182.27,0.0,0.0,0.0
T_TNK_0006,0.0,0.0,718.32,0.0,0.0,0.0
T_TNK_0007,0.0,65.723,1985.418,0.0,0.0,1577.352
T_TNK_0008,0.0,0.0,1233.14,0.0,0.0,0.0
T_TNK_0009,0.0,0.0,587.51,0.0,0.0,0.0
T_TNK_0010,0.0,0.0,690.88,0.0,0.0,0.0
T_TNK_0011,0.0,0.0,422.07,0.0,0.0,0.0
T_TNK_0012,0.0,0.0,2393.57,0.0,0.0,0.0
T_TNK_0013,0.0,0.0,883.83,0.0,0.0,0.0
T_TNK_0014,0.0,0.0,2528.77,0.0,0.0,0.0
T_TNK_0015,0.0,0.0,1391.78,0.0,0.0,0.0
T_TNK_0016,0.0,15.644,619.224,0.0,0.0,375.456
T_TNK_0017,0.0,0.0,2202.05,0.0,0.0,0.0
T_TNK_0018,0.0,0.0,3178.22,0.0,0.0,0.0
T_TNK_0019,0.0,7.42,3856.01,0.0,0.0,178.08
T_TNK_0020,0.0,0.0,751.27,0.0,0.0,0.0
T_TNK_0021,0.0,4.8923,644.984,0.0,0.0,117.416
T_TNK_0022,0.0,0.0,4831.37,0.0,0.0,0.0
T_TNK_0023,0.0,0.0,327.2,0.0,0.0,0.0
T_TNK_0024,0.0,0.0,24841.8,0.0,0.0,0.0
T_TNK_0025,0.0,0.0,5206.47,0.0,0.0,0.0
T_TNK_0026,0.0,0.0,1200.72,0.0,0.0,0.0
T_TNK_0027,0.0,0.0,836.65,0.0,0.0,0.0
T_TNK_0028,0.0,0.0,1690.31,0.0,0.0,0.0
T_TNK_0029,0.0,0.0,343.38,0.0,0.0,0.0
T_TNK_0030,0.0,0.0,720.43,0.0,0.0,0.0
T_TNK_0031,0.0,37.9471,887.31,0.0,0.0,910.73
T_TNK_0032,0.0,0.0,2528.92,0.0,0.0,0.0
T_TNK_0033,0.0,0.0,28121.91,0.0,0.0,0.0
T_TNK_0034,0.0,0.0,434.65,0.0,0.0,0.0
T_TNK_0035,0.0,0.0,710.75,0.0,0.0,0.0
T_TNK_0036,0.0,0.0,2685.79,0.0,0.0,0.0
T_TNK_0037,0.0,0.0,5299.09,0.0,0.0,0.0
T_TNK_0038,0.0,0.0,909.28,0.0,0.0,0.0
T_TNK_0039,0.0,0.0,5153.86,0.0,0.0,0.0
T_TNK_0040,0.0,0.0,251.82,0.0,0.0,0.0
T_TNK_0041,0.0,0.0,1138.55,0.0,0.0,0.0
T_TNK_0042,0.0,0.0,1688.65,0.0,0.0,0.0
T_TNK_0043,0.0,0.0,227.79,0.0,0.0,0.0
T_TNK_0044,0.0,0.0,702.22,0.0,0.0,0.0
T_TNK_0045,0.0,0.0,533.14,0.0,0.0,0.0
T_TNK_0046,0.0,0.0,844.81,0.0,0.0,0.0
T_TNK_0047,0.0,0.0,1634.02,0.0,0.0,0.0
T_TNK_0048,0.0,0.0,492.88,0.0,0.0,0.0
T_TNK_0049,0.0,35.293,3351.118,0.0,0.0,847.032
T_TNK_0050,0.0,26.3817,412.34,0.0,0.0,633.16
T_TNK_0051,0.0,0.0,774.44,0.0,0.0,0.0
T_TNK_0052,0.0,0.0,2454.29,0.0,0.0,0.0
T_TNK_0053,0.0,34.3604,664.88,0.0,0.0,824.65
T_TNK_0054,0.0,0.0,1237.0,0.0,0.0,0.0
T_TNK_0055,0.0,0.0,5092.49,0.0,0.0,0.0
T_TNK_0056,0.0,0.0,5108.1,0.0,0.0,0.0
T_TNK_0057,0.0,0.0,592.16,0.0,0.0,0.0
T_TNK_0058,0.0,0.0,347.07,0.0,0.0,0.0
T_TNK_0059,0.0,0.0,796.47,0.0,0.0,0.0
T_TNK_0060,0.0,117.0696,3075.01,0.0,0.0,2809.67
T_TNK_0061,0.0,0.0,1205.57,0.0,0.0,0.0
T_TNK_0062,0.0,0.0,18911.8,0.0,0.0,0.0
T_TNK_0063,0.0,0.0,2964.51,0.0,0.0,0.0
T_TNK_0064,0.0,8.3668,4971.196,0.0,0.0,200.804
T_TNK_0065,0.0,0.0,1178.37,0.0,0.0,0.0
T_TNK_0066,0.0,0.0,2340.83,0.0,0.0,0.0
T_TNK_0067,0.0,0.0,1772.24,0.0,0.0,0.0
T_TNK_0068,0.0,12.765,3865.81,0.0,0.0,306.36
T_TNK_0069,0.0,0.0,1902.01,0.0,0.0,0.0
T_TNK_0070,0.0,5.245,123.88,0.0,0.0,125.88
T_TNK_0071,0.0,0.0,2095.9,0.0,0.0,0.0
T_TNK_0072,0.0,0.0,242.45,0.0,0.0,0.0
T_TNK_0073,0.0,0.0,2390.63,0.0,0.0,0.0
T_TNK_0074,0.0,0.0,924.47,0.0,0.0,0.0
T_TNK_0075,0.0,0.0,3236.56,0.0,0.0,0.0
T_TNK_0076,0.0,0.0,1317.8,0.0,0.0,0.0
T_TNK_0077,0.0,0.0,1911.19,0.0,0.0,0.0
T_TNK_0078,0.0,0.0,1183.09,0.0,0.0,0.0
T_TNK_0079,0.0,0.0,934.77,0.0,0.0,0.0
T_TNK_0080,0.0,104.541,4469.006,0.0,0.0,2508.984
T_TNK_0081,0.0,31.0546,471.95,0.0,0.0,745.31
T_TNK_0082,0.0,0.0,810.87,0.0,0.0,0.0
T_TNK_0083,0.0,0.0,623.83,0.0,0.0,0.0
T_TNK_0084,0.0,0.0,1004.91,0.0,0.0,0.0
T_TNK_0085,0.0,0.0,675.7,0.0,0.0,0.0
T_TNK_0086,0.0,0.0,979.21,0.0,0.0,0.0
T_TNK_0087,0.0,0.0,1040.47,0.0,0.0,0.0
T_TNK_0088,0.0,0.0,5686.72,0.0,0.0,0.0
T_TNK_0089,0.0,0.0,7277.8,0.0,0.0,0.0
T_TNK_0090,0.0,0.0,2315.09,0.0,0.0,0.0
T_TNK_0091,0.0,0.0,517.68,0.0,0.0,0.0
T_TNK_0092,0.0,0.0,894.66,0.0,0.0,0.0
T_TNK_0093,0.0,0.0,1062.11,0.0,0.0,0.0
T_TNK_0094,0.0,0.0,619.48,0.0,0.0,0.0
T_TNK_0095,0.0,0.0,1898.28,0.0,0.0,0.0
T_TNK_0096,0.0,11.154,1165.854,0.0,0.0,267.696
T_TNK_0097,0.0,0.0,813.47,0.0,0.0,0.0
T_TNK_0098,0.0,0.0,715.91,0.0,0.0,0.0
T_TNK_0099,0.0,0.0,1035.47,0.0,0.0,0.0
T_TNK_0100,0.0,0.0,646.18,0.0,0.0,0.0
T_TNK_0101,0.0,0.0,485.61,0.0,0.0,0.0
T_TNK_0102,0.0,2.2095,18770.632,0.0,0.0,53.028
T_TNK_0103,0.0,0.0,3810.84,0.0,0.0,0.0
T_TNK_0104,0.0,0.0,13005.75,0.0,0.0,0.0
T_TNK_0105,0.0,0.0,471.36,0.0,0.0,0.0
T_TNK_0106,0.0,0.0,1752.71,0.0,0.0,0.0
T_TNK_0107,0.0,0.0,4776.0,0.0,0.0,0.0
T_TNK_0108,0.0,72.4027,7802.514,0.0,0.0,1737.666
T_TNK_0109,0.0,0.0,652.13,0.0,0.0,0.0
T_TNK_0110,0.0,0.0,521.28,0.0,0.0,0.0
T_TNK_0111,0.0,0.0,766.25,0.0,0.0,0.0
T_TNK_0112,0.0,0.0,478.31,0.0,0.0,0.0
T_TNK_0113,0.0,0.0,1392.95,0.0,0.0,0.0
T_TNK_0114,0.0,0.0,228.35,0.0,0.0,0.0
T_TNK_0115,0.0,0.0,478.3,0.0,0.0,0.0
T_TNK_0116,0.0,0.0,1579.93,0.0,0.0,0.0
T_TNK_0117,0.0,0.0,986.24,0.0,0.0,0.0
T_TNK_0118,0.0,0.0,1226.45,0.0,0.0,0.0
T_TNK_0119,0.0,0.0,698.05,0.0,0.0,0.0
T_TNK_0120,0.0,0.0,2729.75,0.0,0.0,0.0
T_TNK_0121,0.0,0.0,512.68,0.0,0.0,0.0
T_TNK_0122,0.0,0.0,22951.78,0.0,0.0,0.0
T_TNK_0123,0.0,32.539,1236.904,0.0,0.0,780.936
T_TNK_0124,0.0,0.0,985.32,0.0,0.0,0.0
T_TNK_0125,0.0,0.0,516.27,0.0,0.0,0.0
T_TNK_0126,0.0,0.0,535.55,0.0,0.0,0.0
T_TNK_0127,0.0,0.0,711.86,0.0,0.0,0.0
T_TNK_0128,0.0,0.0,380.52,0.0,0.0,0.0
T_TNK_0129,0.0,0.0,451.74,0.0,0.0,0.0
T_TNK_0130,0.0,0.0,199.91,0.0,0.0,0.0
T_TNK_0131,0.0,0.0,762.2,0.0,0.0,0.0
T_TNK_0132,0.0,0.0,489.77,0.0,0.0,0.0
T_TNK_0133,0.0,0.0,1560.19,0.0,0.0,0.0
T_TNK_0134,0.0,0.0,492.16,0.0,0.0,0.0
T_TNK_0135,0.0,0.0,9488.14,0.0,0.0,0.0
T_TNK_0136,0.0,0.0,566.56,0.0,0.0,0.0
T_TNK_0137,0.0,9.93,864.12,0.0,0.0,238.32
T_TNK_0138,0.0,24.2517,740.52,0.0,0.0,582.04
T_TNK_0139,0.0,0.0,945.37,0.0,0.0,0.0
T_TNK_0140,0.0,0.0,679.27,0.0,0.0,0.0
T_TNK_0141,0.0,0.0,4774.06,0.0,0.0,0.0
T_TNK_0142,0.0,0.0,2684.16,0.0,0.0,0.0
T_TNK_0143,0.0,0.0,1013.19,0.0,0.0,0.0
T_TNK_0144,0.0,0.0,3121.62,0.0,0.0,0.0
T_TNK_0145,0.0,0.0,670.26,0.0,0.0,0.0
T_TNK_0146,0.0,61.472,4537.332,0.0,0.0,1475.328
T_TNK_0147,0.0,0.0,1609.23,0.0,0.0,0.0
T_TNK_0148,0.0,0.0,11548.2,0.0,0.0,0.0
T_TNK_0149,0.0,59.337,3523.462,0.0,0.0,1424.088
T_TNK_0150,0.0,0.0,512.44,0.0,0.0,0.0
T_TNK_0151,0.0,0.0,653.34,0.0,0.0,0.0
T_TNK_0152,0.0,0.0,473.7,0.0,0.0,0.0
T_TNK_0153,0.0,0.0,509.99,0.0,0.0,0.0
T_TNK_0154,0.0,0.0,2774.5,0.0,0.0,0.0
T_TNK_0155,0.0,0.0,3516.49,0.0,0.0,0.0
T_TNK_0156,0.0,0.0,545.6,0.0,0.0,0.0
T_TNK_0157,0.0,0.0,513.03,0.0,0.0,0.0
T_TNK_0158,0.0,0.0,1445.97,0.0,0.0,0.0
T_TNK_0159,0.0,100.951,8779.706,0.0,0.0,2422.824
T_TNK_0160,0.0,0.0,2097.81,0.0,0.0,0.0
T_TNK_0161,0.0,0.0,1227.63,0.0,0.0,0.0
T_TNK_0162,0.0,0.0,399.09,0.0,0.0,0.0
T_TNK_0163,0.0,0.379,474.964,0.0,0.0,9.096
T_TNK_0164,0.0,0.0,1067.65,0.0,0.0,0.0
T_TNK_0165,0.0,0.0,4909.89,0.0,0.0,0.0
T_TNK_0166,0.0,0.0,1039.0,0.0,0.0,0.0
T_TNK_0167,0.0,0.0,770.76,0.0,0.0,0.0
T_TNK_0168,0.0,0.0,812.25,0.0,0.0,0.0
T_TNK_0169,0.0,0.0,4519.82,0.0,0.0,0.0
T_TNK_0170,0.0,0.0,1187.73,0.0,0.0,0.0
T_TNK_0171,0.0,0.0,840.77,0.0,0.0,0.0
T_TNK_0172,0.0,0.0,224.06,0.0,0.0,0.0
T_TNK_0173,0.0,0.0,1374.42,0.0,0.0,0.0
T_TNK_0174,0.0,0.0,3296.95,0.0,0.0,0.0
T_TNK_0175,0.0,0.0,209.6,0.0,0.0,0.0
T_TNK_0176,0.0,71.725,827.23,0.0,0.0,1721.4
T_TNK_0177,0.0,0.0,1554.61,0.0,0.0,0.0
T_TNK_0178,0.0,13.3887,218.91,0.0,0.0,321.33
T_TNK_0179,0.0,0.0,5424.84,0.0,0.0,0.0
T_TNK_0180,0.0,0.0,1253.76,0.0,0.0,0.0
T_TNK_0181,0.0,0.0,2692.15,0.0,0.0,0.0
T_TNK_0182,0.0,0.0,536.57,0.0,0.0,0.0
T_TNK_0183,0.0,0.0,1683.43,0.0,0.0,0.0
T_TNK_0184,0.0,0.0,1418.01,0.0,0.0,0.0
T_TNK_0185,0.0,0.0,1427.87,0.0,0.0,0.0
T_TNK_0186,0.0,0.0,399.82,0.0,0.0,0.0
T_TNK_0187,0.0,0.0,1013.53,0.0,0.0,0.0
T_TNK_0188,0.0,0.0,1412.13,0.0,0.0,0.0
T_TNK_0189,0.0,0.0,3056.54,0.0,0.0,0.0
T_TNK_0190,0.0,66.165,2753.55,0.0,0.0,1587.96
T_TNK_0191,0.0,0.0,3245.91,0.0,0.0,0.0
T_TNK_0192,0.0,0.0,6239.27,0.0,0.0,0.0
T_TNK_0193,0.0,0.0,1192.68,0.0,0.0,0.0
T_TNK_0194,0.0,0.0,465.1,0.0,0.0,0.0
T_TNK_0195,0.0,0.0,4912.14,0.0,0.0,0.0
T_TNK_0196,0.0,0.0,984.36,0.0,0.0,0.0
T_TNK_0197,0.0,0.0,1930.5,0.0,0.0,0.0
T_TNK_0198,0.0,0.0,1596.91,0.0,0.0,0.0
T_TNK_0199,0.0,0.0,4403.7,0.0,0.0,0.0
T_TNK_0200,0.0,0.0,2072.4,0.0,0.0,0.0
T_TNK_0201,0.0,11.9991,1714.382,0.0,0.0,287.978
T_TNK_0202,0.0,0.0,2107.08,0.0,0.0,0.0
T_TNK_0203,0.0,0.0,1718.04,0.0,0.0,0.0
T_TNK_0204,0.0,0.0,2437.52,0.0,0.0,0.0
T_TNK_0205,0.0,0.0,830.01,0.0,0.0,0.0
T_TNK_0206,0.0,0.0,5750.7,0.0,0.0,0.0
T_TNK_0207,0.0,0.0,1349.44,0.0,0.0,0.0
T_TNK_0208,0.0,0.0,1140.68,0.0,0.0,0.0
T_TNK_0209,0.0,0.0,1063.6,0.0,0.0,0.0
T_TNK_0210,0.0,0.0,263.2,0.0,0.0,0.0
T_TNK_0211,0.0,0.0,2959.3,0.0,0.0,0.0
T_TNK_0212,0.0,13.387,2315.632,0.0,0.0,321.288
T_TNK_0213,0.0,38.5954,1977.6,0.0,0.0,926.29
T_TNK_0214,0.0,0.0,11032.12,0.0,0.0,0.0
T_TNK_0215,0.0,0.0,1732.18,0.0,0.0,0.0
T_TNK_0216,0.0,0.0,1152.26,0.0,0.0,0.0
T_TNK_0217,0.0,9.0246,352.24,0.0,0.0,216.59
T_TNK_0218,0.0,0.0,1362.76,0.0,0.0,0.0
T_TNK_0219,0.0,0.0,217.05,0.0,0.0,0.0
T_TNK_0220,0.0,0.0,364.94,0.0,0.0,0.0
T_TNK_0221,0.0,0.0,420.96,0.0,0.0,0.0
T_TNK_0222,0.0,0.0,312.72,0.0,0.0,0.0
T_TNK_0223,0.0,68.2475,1245.48,0.0,0.0,1637.94
T_TNK_0224,0.0,0.0,1276.51,0.0,0.0,0.0
T_TNK_0225,0.0,0.0,1254.07,0.0,0.0,0.0
T_TNK_0226,0.0,0.0,218.28,0.0,0.0,0.0
T_TNK_0227,0.0,0.0,5374.34,0.0,0.0,0.0
T_TNK_0228,0.0,0.0,10110.99,0.0,0.0,0.0
T_TNK_0229,0.0,0.0,721.96,0.0,0.0,0.0
T_TNK_0230,0.0,0.0,1947.38,0.0,0.0,0.0
T_TNK_0231,0.0,0.0,3681.12,0.0,0.0,0.0
T_TNK_0232,0.0,0.0,284.65,0.0,0.0,0.0
T_TNK_0233,0.0,0.0,1940.75,0.0,0.0,0.0
T_TNK_0234,0.0,0.0,1662.07,0.0,0.0,0.0
T_TNK_0235,0.0,0.0,4576.05,0.0,0.0,0.0
T_TNK_0236,0.0,0.0,3594.9,0.0,0.0,0.0
T_TNK_0237,0.0,0.0,2440.36,0.0,0.0,0.0
T_TNK_0238,0.0,0.0,1243.53,0.0,0.0,0.0
T_TNK_0239,0.0,0.0,695.09,0.0,0.0,0.0
T_TNK_0240,0.0,0.0,1073.75,0.0,0.0,0.0
T_TNK_0241,0.0,0.0,4071.64,0.0,0.0,0.0
T_TNK_0242,0.0,0.0,1263.09,0.0,0.0,0.0
T_TNK_0243,0.0,0.0,692.9,0.0,0.0,0.0
T_TNK_0244,0.0,0.0,1430.41,0.0,0.0,0.0
T_TNK_0245,0.0,0.0,637.32,0.0,0.0,0.0
T_TNK_0246,0.0,23.0212,528.26,0.0,0.0,552.51
T_TNK_0247,0.0,0.0,525.29,0.0,0.0,0.0
T_TNK_0248,0.0,0.0,714.49,0.0,0.0,0.0
T_TNK_0249,0.0,0.0,860.88,0.0,0.0,0.0
T_TNK_0250,0.0,0.0,2283.69,0.0,0.0,0.0
T_TNK_0251,0.0,52.2104,784.47,0.0,0.0,1253.05
T_TNK_0252,0.0,0.0,597.72,0.0,0.0,0.0
T_TNK_0253,0.0,0.0,2229.47,0.0,0.0,0.0
T_TNK_0254,0.0,0.0,2923.34,0.0,0.0,0.0
T_TNK_0255,0.0,30.1046,690.46,0.0,0.0,722.51
T_TNK_0256,0.0,0.0,681.92,0.0,0.0,0.0
T_TNK_0257,0.0,0.0,1711.94,0.0,0.0,0.0
T_TNK_0258,0.0,18.157,833.512,0.0,0.0,435.768
T_TNK_0259,0.0,0.0,910.56,0.0,0.0,0.0
T_TNK_0260,0.0,0.0,616.03,0.0,0.0,0.0
T_TNK_0261,0.0,0.0,2194.69,0.0,0.0,0.0
T_TNK_0262,0.0,0.0,3521.67,0.0,0.0,0.0
T_TNK_0263,0.0,0.0,1168.05,0.0,0.0,0.0
T_TNK_0264,0.0,0.0,1733.46,0.0,0.0,0.0
T_TNK_0265,0.0,0.0,4007.32,0.0,0.0,0.0
T_TNK_0266,0.0,0.0,3173.66,0.0,0.0,0.0
T_TNK_0267,0.0,0.0,29002.51,0.0,0.0,0.0
T_TNK_0268,0.0,254.0771,2814.69,0.0,0.0,6097.85
T_TNK_0269,0.0,0.0,1808.19,0.0,0.0,0.0
T_TNK_0270,0.0,0.0,351.6,0.0,0.0,0.0
T_TNK_0271,0.0,0.0,675.84,0.0,0.0,0.0
T_TNK_0272,0.0,0.0,3724.95,0.0,0.0,0.0
T_TNK_0273,0.0,0.0,604.66,0.0,0.0,0.0
T_TNK_0274,0.0,0.0,4297.02,0.0,0.0,0.0
T_TNK_0275,0.0,15.5821,447.98,0.0,0.0,373.97
T_TNK_0276,0.0,0.0,758.79,0.0,0.0,0.0
T_TNK_0277,0.0,0.0,3416.75,0.0,0.0,0.0
T_TNK_0278,0.0,0.0,2445.86,0.0,0.0,0.0
T_TNK_0279,0.0,0.0,856.2,0.0,0.0,0.0
T_TNK_0280,0.0,0.0,1708.14,0.0,0.0,0.0
T_TNK_0281,0.0,0.0,386.5,0.0,0.0,0.0
T_TNK_0282,0.0,0.0,2840.86,0.0,0.0,0.0
T_TNK_0283,0.0,0.0,3802.72,0.0,0.0,0.0
T_TNK_0284,0.0,0.0,1229.61,0.0,0.0,0.0
T_TNK_0285,0.0,0.0,772.42,0.0,0.0,0.0
T_TNK_0286,0.0,0.0,1323.15,0.0,0.0,0.0
T_TNK_0287,0.0,9.2592,173.46,0.0,0.0,222.22
T_TNK_0288,0.0,0.0,544.12,0.0,0.0,0.0
T_TNK_0289,0.0,0.0,1082.33,0.0,0.0,0.0
T_TNK_0290,0.0,0.0,658.63,0.0,0.0,0.0
T_TNK_0291,0.0,0.0,1433.67,0.0,0.0,0.0
T_TNK_0292,0.0,0.0,1345.07,0.0,0.0,0.0
T_TNK_0293,0.0,0.0,1696.0,0.0,0.0,0.0
T_TNK_0294,0.0,0.0,4014.18,0.0,0.0,0.0
T_TNK_0295,0.0,0.0,615.79,0.0,0.0,0.0
T_TNK_0296,0.0,3.5115,2245.044,0.0,0.0,84.276
T_TNK_0297,0.0,0.0,862.83,0.0,0.0,0.0
T_TNK_0298,0.0,0.0,908.18,0.0,0.0,0.0
T_TNK_0299,0.0,0.0,2474.39,0.0,0.0,0.0
T_TNK_0300,0.0,0.0,392.39,0.0,0.0,0.0
T_TNK_0301,0.0,0.0,912.32,0.0,0.0,0.0
T_TNK_0302,0.0,0.0,4041.49,0.0,0.0,0.0
T_TNK_0303,0.0,30.5746,727.56,0.0,0.0,733.79
T_TNK_0304,0.0,0.0,21060.92,0.0,0.0,0.0
T_TNK_0305,0.0,0.0,477.07,0.0,0.0,0.0
T_TNK_0306,0.0,0.0,14620.53,0.0,0.0,0.0
T_TNK_0307,0.0,0.0,7025.37,0.0,0.0,0.0
T_TNK_0308,0.0,0.0,826.87,0.0,0.0,0.0
T_TNK_0309,0.0,0.0,1767.7,0.0,0.0,0.0
T_TNK_0310,0.0,21.0021,603.22,0.0,0.0,504.05
T_TNK_0311,0.0,0.0,942.25,0.0,0.0,0.0
T_TNK_0312,0.0,0.0,1254.77,0.0,0.0,0.0
T_TNK_0313,0.0,0.0,724.89,0.0,0.0,0.0
T_TNK_0314,0.0,0.0,779.08,0.0,0.0,0.0
T_TNK_0315,0.0,0.0,1498.77,0.0,0.0,0.0
T_TNK_0316,0.0,0.0,4393.8,0.0,0.0,0.0
T_TNK_0317,0.0,0.0,1819.2,0.0,0.0,0.0
T_TNK_0318,0.0,23.61,3060.14,0.0,0.0,566.64
T_TNK_0319,0.0,0.0,427.77,0.0,0.0,0.0
T_TNK_0320,0.0,0.0,601.59,0.0,0.0,0.0
T_TNK_0321,0.0,0.0,433.35,0.0,0.0,0.0
T_TNK_0322,0.0,0.0,2148.38,0.0,0.0,0.0
T_TNK_0323,0.0,7.4037,243.12,0.0,0.0,177.69
T_TNK_0324,0.0,3.0879,737.41,0.0,0.0,74.11
T_TNK_0325,0.0,0.0,3037.04,0.0,0.0,0.0
T_TNK_0326,0.0,0.0,567.84,0.0,0.0,0.0
T_TNK_0327,0.0,0.0,5497.6,0.0,0.0,0.0
T_TNK_0328,0.0,0.0,3212.04,0.0,0.0,0.0
T_TNK_0329,0.0,0.0,603.46,0.0,0.0,0.0
T_TNK_0330,0.0,120.449,3908.704,0.0,0.0,2890.776
T_TNK_0331,0.0,0.0,22018.99,0.0,0.0,0.0
T_TNK_0332,0.0,0.0,1790.45,0.0,0.0,0.0
T_TNK_0333,0.0,0.0,1775.65,0.0,0.0,0.0
T_TNK_0334,0.0,0.0,1396.06,0.0,0.0,0.0
T_TNK_0335,0.0,0.0,1426.81,0.0,0.0,0.0
T_TNK_0336,0.0,23.417,8046.782,0.0,0.0,562.008
T_TNK_0337,0.0,0.0,541.83,0.0,0.0,0.0
T_TNK_0338,0.0,0.0,857.97,0.0,0.0,0.0
T_TNK_0339,0.0,0.0,4853.04,0.0,0.0,0.0
T_TNK_0340,0.0,76.3356,6564.136,0.0,0.0,1832.054
T_TNK_0341,0.0,0.0,540.73,0.0,0.0,0.0
T_TNK_0342,0.0,0.0,3011.06,0.0,0.0,0.0
T_TNK_0343,0.0,0.0,1117.04,0.0,0.0,0.0
T_TNK_0344,0.0,32.739,1115.814,0.0,0.0,785.736
T_TNK_0345,0.0,0.0,835.31,0.0,0.0,0.0
T_TNK_0346,0.0,0.0,3427.15,0.0,0.0,0.0
T_TNK_0347,0.0,0.0,345.65,0.0,0.0,0.0
T_TNK_0348,0.0,0.0,510.32,0.0,0.0,0.0
T_TNK_0349,0.0,0.0,2150.73,0.0,0.0,0.0
T_TNK_0350,0.0,0.0,1225.06,0.0,0.0,0.0
T_TNK_0351,0.0,0.0,534.77,0.0,0.0,0.0
T_TNK_0352,0.0,15.9058,250.33,0.0,0.0,381.74
T_TNK_0353,0.0,0.0,1819.63,0.0,0.0,0.0
T_TNK_0354,0.0,488.312,15184.152,0.0,0.0,11719.488
T_TNK_0355,0.0,0.0,570.63,0.0,0.0,0.0
T_TNK_0356,0.0,0.0,741.76,0.0,0.0,0.0
T_TNK_0357,0.0,0.0,15080.65,0.0,0.0,0.0
T_TNK_0358,0.0,24.4513,600.77,0.0,0.0,586.83
T_TNK_0359,0.0,0.0,1018.52,0.0,0.0,0.0
T_TNK_0360,0.0,0.0,1156.77,0.0,0.0,0.0
T_TNK_0361,0.0,0.0,563.53,0.0,0.0,0.0
T_TNK_0362,0.0,0.0,18083.18,0.0,0.0,0.0
T_TNK_0363,0.0,0.0,2561.61,0.0,0.0,0.0
T_TNK_0364,0.0,0.0,450.72,0.0,0.0,0.0
T_TNK_0365,0.0,0.0,497.02,0.0,0.0,0.0
T_TNK_0366,0.0,11.722,7336.802,0.0,0.0,281.328
T_TNK_0367,0.0,0.0,4799.24,0.0,0.0,0.0
T_TNK_0368,0.0,0.0,265.12,0.0,0.0,0.0
T_TNK_0369,0.0,0.0,306.87,0.0,0.0,0.0
T_TNK_0370,0.0,0.0,3231.08,0.0,0.0,0.0
T_TNK_0371,0.0,0.0,307.31,0.0,0.0,0.0
T_TNK_0372,0.0,0.0,518.99,0.0,0.0,0.0
T_TNK_0373,0.0,0.0,1202.38,0.0,0.0,0.0
T_TNK_0374,0.0,0.0,1772.49,0.0,0.0,0.0
T_TNK_0375,0.0,0.0,343.38,0.0,0.0,0.0
T_TNK_0376,0.0,0.0,6422.36,0.0,0.0,0.0
T_TNK_0377,0.0,0.0,8979.28,0.0,0.0,0.0
T_TNK_0378,0.0,0.0,432.58,0.0,0.0,0.0
T_TNK_0379,0.0,0.0,1595.63,0.0,0.0,0.0
T_TNK_0380,0.0,0.0,637.98,0.0,0.0,0.0
T_TNK_0381,0.0,0.0,919.65,0.0,0.0,0.0
T_TNK_0382,0.0,0.0,525.4,0.0,0.0,0.0
T_TNK_0383,0.0,0.0,24496.39,0.0,0.0,0.0
T_TNK_0384,0.0,0.0,1513.15,0.0,0.0,0.0
T_TNK_0385,0.0,49.3,4144.55,0.0,0.0,1183.2
T_TNK_0386,0.0,0.0,554.01,0.0,0.0,0.0
T_TNK_0387,0.0,0.0,974.33,0.0,0.0,0.0
T_TNK_0388,0.0,0.0,1101.33,0.0,0.0,0.0
T_TNK_0389,0.0,0.0,1579.23,0.0,0.0,0.0
T_TNK_0390,0.0,0.0,2096.76,0.0,0.0,0.0
T_TNK_0391,0.0,0.0,1265.97,0.0,0.0,0.0
T_TNK_0392,0.0,0.0,1365.64,0.0,0.0,0.0
T_TNK_0393,0.0,0.0,412.17,0.0,0.0,0.0
T_TNK_0394,0.0,0.0,3040.81,0.0,0.0,0.0
T_TNK_0395,0.0,28.2929,423.53,0.0,0.0,679.03
T_TNK_0396,0.0,0.0,5271.88,0.0,0.0,0.0
T_TNK_0397,0.0,0.0,8615.83,0.0,0.0,0.0
T_TNK_0398,0.0,0.0,4134.13,0.0,0.0,0.0
T_TNK_0399,0.0,0.0,520.84,0.0,0.0,0.0
T_TNK_0400,0.0,0.0,1392.41,0.0,0.0,0.0
T_TNK_0401,0.0,15.2142,569.42,0.0,0.0,365.14
T_TNK_0402,0.0,27.806,5575.836,0.0,0.0,667.344
T_TNK_0403,0.0,0.0,577.25,0.0,0.0,0.0
T_TNK_0404,0.0,39.2529,977.02,0.0,0.0,942.07
T_TNK_0405,0.0,0.0,1509.67,0.0,0.0,0.0
T_TNK_0406,0.0,0.0,1291.15,0.0,0.0,0.0
T_TNK_0407,0.0,0.0,3903.25,0.0,0.0,0.0
T_TNK_0408,0.0,0.0,8644.92,0.0,0.0,0.0
T_TNK_0409,0.0,0.0,757.42,0.0,0.0,0.0
T_TNK_0410,0.0,0.0,242.61,0.0,0.0,0.0
T_TNK_0411,0.0,0.0,3480.93,0.0,0.0,0.0
T_TNK_0412,0.0,0.0,717.63,0.0,0.0,0.0
T_TNK_0413,0.0,0.0,485.49,0.0,0.0,0.0
T_TNK_0414,0.0,0.0,1691.85,0.0,0.0,0.0
T_TNK_0415,0.0,81.186,5272.526,0.0,0.0,1948.464
T_TNK_0416,0.0,0.0,7206.18,0.0,0.0,0.0
T_TNK_0417,0.0,0.0,385.57,0.0,0.0,0.0
T_TNK_0418,0.0,0.0,376.77,0.0,0.0,0.0
T_TNK_0419,0.0,0.0,6908.1,0.0,0.0,0.0
T_TNK_0420,0.0,0.0,828.93,0.0,0.0,0.0
T_TNK_0421,0.0,0.0,977.59,0.0,0.0,0.0
T_TNK_0422,0.0,0.0,2106.72,0.0,0.0,0.0
T_TNK_0423,0.0,0.0,1238.35,0.0,0.0,0.0
T_TNK_0424,0.0,0.0,3003.03,0.0,0.0,0.0
T_TNK_0425,0.0,0.0,1538.04,0.0,0.0,0.0
T_TNK_0426,0.0,0.0,1378.43,0.0,0.0,0.0
T_TNK_0427,0.0,0.0,2208.03,0.0,0.0,0.0
T_TNK_0428,0.0,0.0,972.72,0.0,0.0,0.0
T_TNK_0429,0.0,0.0,1537.02,0.0,0.0,0.0
T_TNK_0430,0.0,30.9229,874.82,0.0,0.0,742.15
T_TNK_0431,0.0,0.0,1238.01,0.0,0.0,0.0
T_TNK_0432,0.0,0.0,360.52,0.0,0.0,0.0
T_TNK_0433,0.0,0.0,8473.53,0.0,0.0,0.0
T_TNK_0434,0.0,0.0,13577.69,0.0,0.0,0.0
T_TNK_0435,0.0,0.0,419.2,0.0,0.0,0.0
T_TNK_0436,0.0,0.0,1257.86,0.0,0.0,0.0
T_TNK_0437,0.0,0.0,661.69,0.0,0.0,0.0
T_TNK_0438,0.0,0.0,506.83,0.0,0.0,0.0
T_TNK_0439,0.0,0.0,440.36,0.0,0.0,0.0
T_TNK_0440,0.0,0.0,978.69,0.0,0.0,0.0
T_TNK_0441,0.0,0.0,380.71,0.0,0.0,0.0
T_TNK_0442,0.0,0.0,2156.94,0.0,0.0,0.0
T_TNK_0443,0.0,0.0,2189.2,0.0,0.0,0.0
T_TNK_0444,0.0,23.1371,294.88,0.0,0.0,555.29
T_TNK_0445,0.0,0.0,2580.21,0.0,0.0,0.0
T_TNK_0446,0.0,0.0,267.51,0.0,0.0,0.0
T_TNK_0447,0.0,0.0,580.7,0.0,0.0,0.0
T_TNK_0448,0.0,0.0,352.39,0.0,0.0,0.0
T_TNK_0449,0.0,0.0,1544.87,0.0,0.0,0.0
T_TNK_0450,0.0,0.0,336.47,0.0,0.0,0.0
T_TNK_0451,0.0,0.0,1032.89,0.0,0.0,0.0
T_TNK_0452,0.0,0.0,1262.85,0.0,0.0,0.0
T_TNK_0453,0.0,12.322,2604.232,0.0,0.0,295.728
T_TNK_0454,0.0,0.0,1518.3,0.0,0.0,0.0
T_TNK_0455,0.0,0.0,4255.89,0.0,0.0,0.0
T_TNK_0456,0.0,0.0,303.57,0.0,0.0,0.0
T_TNK_0457,0.0,158.264,6944.334,0.0,0.0,3798.336
T_TNK_0458,0.0,0.0,11088.73,0.0,0.0,0.0
T_TNK_0459,0.0,0.0,417.49,0.0,0.0,0.0
T_TNK_0460,0.0,0.0,926.14,0.0,0.0,0.0
T_TNK_0461,0.0,0.0,734.71,0.0,0.0,0.0
T_TNK_0462,0.0,0.0,891.91,0.0,0.0,0.0
T_TNK_0463,0.0,0.0,1038.07,0.0,0.0,0.0
T_TNK_0464,0.0,0.0,1514.58,0.0,0.0,0.0
T_TNK_0465,0.0,0.0,932.28,0.0,0.0,0.0
T_TNK_0466,0.0,0.0,614.49,0.0,0.0,0.0
T_TNK_0467,0.0,0.0,903.99,0.0,0.0,0.0
T_TNK_0468,0.0,0.0,643.31,0.0,0.0,0.0
T_TNK_0469,0.0,0.0,4676.59,0.0,0.0,0.0
T_TNK_0470,0.0,0.0,878.18,0.0,0.0,0.0
T_TNK_0471,0.0,0.0,6610.38,0.0,0.0,0.0
T_TNK_0472,0.0,0.0,719.43,0.0,0.0,0.0
T_TNK_0473,0.0,12.1892,636.578,0.0,0.0,292.542
T_TNK_0474,0.0,0.0,1182.42,0.0,0.0,0.0
T_TNK_0475,0.0,0.0,2023.37,0.0,0.0,0.0
T_TNK_0476,0.0,0.0,2051.43,0.0,0.0,0.0
T_TNK_0477,0.0,0.0,1079.77,0.0,0.0,0.0
T_TNK_0478,0.0,0.0,1859.35,0.0,0.0,0.0
T_TNK_0479,0.0,0.0,4241.05,0.0,0.0,0.0
T_TNK_0480,0.0,0.0,2133.62,0.0,0.0,0.0
T_TNK_0481,0.0,0.0,328.69,0.0,0.0,0.0
T_TNK_0482,0.0,0.0,1498.24,0.0,0.0,0.0
T_TNK_0483,0.0,0.0,1728.7,0.0,0.0,0.0
T_TNK_0484,0.0,0.0,496.9,0.0,0.0,0.0
T_TNK_0485,0.0,0.0,1214.56,0.0,0.0,0.0
T_TNK_0486,0.0,0.0,2692.7,0.0,0.0,0.0
T_TNK_0487,0.0,0.0,490.3,0.0,0.0,0.0
T_TNK_0488,0.0,0.0,568.35,0.0,0.0,0.0
T_TNK_0489,0.0,39.8767,1974.87,0.0,0.0,957.04
T_TNK_0490,0.0,0.0,10621.62,0.0,0.0,0.0
T_TNK_0491,0.0,0.0,9527.32,0.0,0.0,0.0
T_TNK_0492,0.0,0.0,965.08,0.0,0.0,0.0
T_TNK_0493,0.0,0.0,739.44,0.0,0.0,0.0
T_TNK_0494,0.0,0.0,384.25,0.0,0.0,0.0
T_TNK_0495,0.0,0.0,1554.69,0.0,0.0,0.0
T_TNK_0496,0.0,0.0,784.63,0.0,0.0,0.0
T_TNK_0497,0.0,0.0,821.5,0.0,0.0,0.0
T_TNK_0498,0.0,0.0,1775.07,0.0,0.0,0.0
T_TNK_0499,0.0,0.0,12079.17,0.0,0.0,0.0
T_TNK_0500,0.0,0.0,477.43,0.0,0.0,0.0
T_TNK_0501,0.0,0.0,1400.93,0.0,0.0,0.0
T_TNK_0502,0.0,0.0,437.6,0.0,0.0,0.0
T_TNK_0503,0.0,45.7388,724.08,0.0,0.0,1097.73
T_TNK_0504,0.0,0.0,1364.08,0.0,0.0,0.0
T_TNK_0505,0.0,0.0,6900.89,0.0,0.0,0.0
T_TNK_0506,0.0,0.0,5682.76,0.0,0.0,0.0
T_TNK_0507,0.0,9.945,2854.69,0.0,0.0,238.68
T_TNK_0508,0.0,0.0,867.38,0.0,0.0,0.0
T_TNK_0509,0.0,0.0,11751.51,0.0,0.0,0.0
T_TNK_0510,0.0,0.0,843.7,0.0,0.0,0.0
T_TNK_0511,0.0,0.0,2674.37,0.0,0.0,0.0
T_TNK_0512,0.0,0.0,275.68,0.0,0.0,0.0
T_TNK_0513,0.0,0.0,582.41,0.0,0.0,0.0
T_TNK_0514,0.0,0.0,1246.26,0.0,0.0,0.0
T_TNK_0515,0.0,0.0,321.17,0.0,0.0,0.0
T_TNK_0516,0.0,0.0,8443.56,0.0,0.0,0.0
T_TNK_0517,0.0,0.0,1953.93,0.0,0.0,0.0
T_TNK_0518,0.0,26.5912,398.39,0.0,0.0,638.19
T_TNK_0519,0.0,0.0,353.26,0.0,0.0,0.0
