pump_id,is_on
P_PMP_0000,0
P_PMP_0001,0
P_PMP_0002,0
P_PMP_0003,0
P_PMP_0004,0
P_PMP_0005,0
P_PMP_0006,0
P_PMP_0007,0
P_PMP_0008,0
P_PMP_0009,0
P_PMP_0010,0
P_PMP_0011,0
P_PMP_0012,0
P_PMP_0013,0
P_PMP_0014,0
P_PMP_0015,0
P_PMP_0016,0
P_PMP_0017,0
P_PMP_0018,0
P_PMP_0019,0
P_PMP_0020,0
P_PMP_0021,0
P_PMP_0022,0
P_PMP_0023,0
P_PMP_0024,0
P_PMP_0025,0
P_PMP_0026,0
P_PMP_0027,0
P_PMP_0028,0
P_PMP_0029,0
P_PMP_0030,0
P_PMP_0031,0
P_PMP_0032,0
P_PMP_0033,0
P_PMP_0034,0
P_PMP_0035,0
P_PMP_0036,0
P_PMP_0037,0
P_PMP_0038,0
P_PMP_0039,0
P_PMP_0040,0
P_PMP_0041,0
P_PMP_0042,0
P_PMP_0043,0
P_PMP_0044,0
P_PMP_0045,0
P_PMP_0046,0
P_PMP_0047,0
P_PMP_0048,0
P_PMP_0049,0
P_PMP_0050,0
P_PMP_0051,0
P_PMP_0052,0
P_PMP_0053,0
P_PMP_0054,0
P_PMP_0055,0
P_PMP_0056,0
P_PMP_0057,0
P_PMP_0058,0
P_PMP_0059,0
P_PMP_0060,0
P_PMP_0061,0
P_PMP_0062,0
P_PMP_0063,0
P_PMP_0064,0
P_PMP_0065,0
P_PMP_0066,0
P_PMP_0067,0
P_PMP_0068,0
P_PMP_0069,0
P_PMP_0070,0
P_PMP_0071,0
P_PMP_0072,0
P_PMP_0073,0
P_PMP_0074,0
P_PMP_0075,0
P_PMP_0076,0
P_PMP_0077,0
P_PMP_0078,0
P_PMP_0079,0
P_PMP_0080,0
P_PMP_0081,0
P_PMP_0082,0
P_PMP_0083,0
P_PMP_0084,0
P_PMP_0085,0
P_PMP_0086,0
P_PMP_0087,0
P_PMP_0088,0
P_PMP_0089,0
P_PMP_0090,0
P_PMP_0091,0
P_PMP_0092,0
P_PMP_0093,0
P_PMP_0094,0
P_PMP_0095,0
P_PMP_0096,0
P_PMP_0097,0
P_PMP_0098,0
P_PMP_0099,0
P_PMP_0100,0
P_PMP_0101,0
P_PMP_0102,0
P_PMP_0103,0
P_PMP_0104,0
P_PMP_0105,0
P_PMP_0106,0
P_PMP_0107,0
P_PMP_0108,0
P_PMP_0109,0
P_PMP_0110,0
P_PMP_0111,0
P_PMP_0112,0
P_PMP_0113,0
P_PMP_0114,0
P_PMP_0115,0
P_PMP_0116,0
P_PMP_0117,0
P_PMP_0118,0
P_PMP_0119,0
P_PMP_0120,0
P_PMP_0121,0
P_PMP_0122,0
P_PMP_0123,0
P_PMP_0124,0
P_PMP_0125,0
P_PMP_0126,0
P_PMP_0127,0
P_PMP_0128,0
P_PMP_0129,0
P_PMP_0130,0
P_PMP_0131,0
P_PMP_0132,0
P_PMP_0133,0
P_PMP_0134,0
P_PMP_0135,0
P_PMP_0136,0
P_PMP_0137,0
P_PMP_0138,0
P_PMP_0139,0
P_PMP_0140,0
P_PMP_0141,0
P_PMP_0142,0
P_PMP_0143,0
P_PMP_0144,0
P_PMP_0145,0
P_PMP_0146,0
P_PMP_0147,0
P_PMP_0148,0
P_PMP_0149,0
P_PMP_0150,0
P_PMP_0151,0
P_PMP_0152,0
P_PMP_0153,0
P_PMP_0154,0
P_PMP_0155,0
P_PMP_0156,0
P_PMP_0157,0
P_PMP_0158,0
P_PMP_0159,0
P_PMP_0160,0
P_PMP_0161,0
P_PMP_0162,0
P_PMP_0163,0
P_PMP_0164,0
P_PMP_0165,0
P_PMP_0166,0
P_PMP_0167,0
P_PMP_0168,0
P_PMP_0169,0
P_PMP_0170,0
P_PMP_0171,0
P_PMP_0172,0
P_PMP_0173,0
P_PMP_0174,0
P_PMP_0175,0
P_PMP_0176,0
P_PMP_0177,0
P_PMP_0178,0
P_PMP_0179,0
P_PMP_0180,0
P_PMP_0181,0
P_PMP_0182,0
P_PMP_0183,0
P_PMP_0184,0
P_PMP_0185,0
P_PMP_0186,0
P_PMP_0187,0
P_PMP_0188,0
P_PMP_0189,0
P_PMP_0190,0
P_PMP_0191,0
P_PMP_0192,0
P_PMP_0193,0
P_PMP_0194,0
P_PMP_0195,0
P_PMP_0196,0
P_PMP_0197,0
P_PMP_0198,0
P_PMP_0199,0
P_PMP_0200,0
P_PMP_0201,0
P_PMP_0202,0
P_PMP_0203,0
P_PMP_0204,0
P_PMP_0205,0
P_PMP_0206,0
P_PMP_0207,0
P_PMP_0208,0
P_PMP_0209,0
P_PMP_0210,0
P_PMP_0211,0
P_PMP_0212,0
P_PMP_0213,0
P_PMP_0214,0
P_PMP_0215,0
P_PMP_0216,0
P_PMP_0217,0
P_PMP_0218,0
P_PMP_0219,0
P_PMP_0220,0
P_PMP_0221,0
P_PMP_0222,0
P_PMP_0223,0
P_PMP_0224,0
P_PMP_0225,0
P_PMP_0226,0
P_PMP_0227,0
P_PMP_0228,0
P_PMP_0229,0
P_PMP_0230,0
P_PMP_0231,0
P_PMP_0232,0
P_PMP_0233,0
P_PMP_0234,0
P_PMP_0235,0
P_PMP_0236,0
P_PMP_0237,0
P_PMP_0238,0
P_PMP_0239,0
P_PMP_0240,0
P_PMP_0241,0
P_PMP_0242,0
P_PMP_0243,0
P_PMP_0244,0
P_PMP_0245,0
P_PMP_0246,0
P_PMP_0247,0
P_PMP_0248,0
P_PMP_0249,0
P_PMP_0250,0
P_PMP_0251,0
P_PMP_0252,0
P_PMP_0253,0
P_PMP_0254,0
P_PMP_0255,0
P_PMP_0256,0
P_PMP_0257,0
P_PMP_0258,0
P_PMP_0259,0
P_PMP_0260,0
P_PMP_0261,0
P_PMP_0262,0
P_PMP_0263,0
P_PMP_0264,0
P_PMP_0265,0
P_PMP_0266,0
P_PMP_0267,0
P_PMP_0268,0
P_PMP_0269,0
P_PMP_0270,0
P_PMP_0271,0
P_PMP_0272,0
P_PMP_0273,0
P_PMP_0274,0
P_PMP_0275,0
P_PMP_0276,0
P_PMP_0277,0
P_PMP_0278,0
P_PMP_0279,0
P_PMP_0280,0
P_PMP_0281,0
P_PMP_0282,0
P_PMP_0283,0
P_PMP_0284,0
P_PMP_0285,0
P_PMP_0286,0
P_PMP_0287,0
P_PMP_0288,0
P_PMP_0289,0
P_PMP_0290,0
P_PMP_0291,0
P_PMP_0292,0
P_PMP_0293,0
P_PMP_0294,0
P_PMP_0295,0
P_PMP_0296,0
P_PMP_0297,0
P_PMP_0298,0
P_PMP_0299,0
P_PMP_0300,0
P_PMP_0301,0
P_PMP_0302,0
P_PMP_0303,0
P_PMP_0304,0
P_PMP_0305,0
P_PMP_0306,0
P_PMP_0307,0
P_PMP_0308,0
P_PMP_0309,0
P_PMP_0310,0
P_PMP_0311,0
P_PMP_0312,0
P_PMP_0313,0
P_PMP_0314,0
P_PMP_0315,0
P_PMP_0316,0
P_PMP_0317,0
P_PMP_0318,0
P_PMP_0319,0
P_PMP_0320,0
P_PMP_0321,0
P_PMP_0322,0
P_PMP_0323,0
P_PMP_0324,0
P_PMP_0325,0
P_PMP_0326,0
P_PMP_0327,0
P_PMP_0328,0
P_PMP_0329,0
P_PMP_0330,0
P_PMP_0331,0
P_PMP_0332,0
P_PMP_0333,0
P_PMP_0334,0
P_PMP_0335,0
P_PMP_0336,0
P_PMP_0337,0
P_PMP_0338,0
P_PMP_0339,0
P_PMP_0340,0
P_PMP_0341,0
P_PMP_0342,0
P_PMP_0343,0
P_PMP_0344,1
P_PMP_0345,0
P_PMP_0346,0
P_PMP_0347,0
P_PMP_0348,1
P_PMP_0349,0
P_PMP_0350,0
P_PMP_0351,0
P_PMP_0352,0
P_PMP_0353,0
P_PMP_0354,0
P_PMP_0355,0
P_PMP_0356,0
P_PMP_0357,0
P_PMP_0358,0
P_PMP_0359,0
P_PMP_0360,0
P_PMP_0361,0
P_PMP_0362,0
P_PMP_0363,0
P_PMP_0364,0
P_PMP_0365,0
P_PMP_0366,0
P_PMP_0367,0
P_PMP_0368,1
P_PMP_0369,0
P_PMP_0370,0
P_PMP_0371,0
P_PMP_0372,0
P_PMP_0373,0
P_PMP_0374,0
P_PMP_0375,0
P_PMP_0376,0
P_PMP_0377,0
P_PMP_0378,0
P_PMP_0379,0
P_PMP_0380,0
P_PMP_0381,0
P_PMP_0382,0
P_PMP_0383,0
P_PMP_0384,0
P_PMP_0385,0
P_PMP_0386,0
P_PMP_0387,0
P_PMP_0388,0
P_PMP_0389,0
P_PMP_0390,0
P_PMP_0391,0
P_PMP_0392,0
P_PMP_0393,0
P_PMP_0394,0
P_PMP_0395,0
P_PMP_0396,0
P_PMP_0397,0
P_PMP_0398,0
P_PMP_0399,0
P_PMP_0400,0
P_PMP_0401,0
P_PMP_0402,0
P_PMP_0403,0
P_PMP_0404,0
P_PMP_0405,0
P_PMP_0406,0
P_PMP_0407,0
P_PMP_0408,0
P_PMP_0409,0
P_PMP_0410,0
P_PMP_0411,0
P_PMP_0412,0
P_PMP_0413,0
P_PMP_0414,0
P_PMP_0415,0
P_PMP_0416,0
P_PMP_0417,0
P_PMP_0418,0
P_PMP_0419,0
P_PMP_0420,0
P_PMP_0421,0
P_PMP_0422,0
P_PMP_0423,1
P_PMP_0424,1
P_PMP_0425,0
P_PMP_0426,0
P_PMP_0427,0
P_PMP_0428,1
P_PMP_0429,0
P_PMP_0430,0
P_PMP_0431,0
P_PMP_0432,1
P_PMP_0433,0
P_PMP_0434,1
P_PMP_0435,0
P_PMP_0436,0
P_PMP_0437,1
P_PMP_0438,0
P_PMP_0439,1
P_PMP_0440,0
P_PMP_0441,0
P_PMP_0442,0
P_PMP_0443,0
P_PMP_0444,1
P_PMP_0445,0
P_PMP_0446,1
P_PMP_0447,0
P_PMP_0448,1
P_PMP_0449,1
P_PMP_0450,0
P_PMP_0451,0
P_PMP_0452,0
P_PMP_0453,0
P_PMP_0454,0
P_PMP_0455,0
P_PMP_0456,1
P_PMP_0457,0
P_PMP_0458,1
P_PMP_0459,1
P_PMP_0460,0
P_PMP_0461,1
P_PMP_0462,0
P_PMP_0463,0
P_PMP_0464,0
P_PMP_0465,1
P_PMP_0466,0
P_PMP_0467,1
P_PMP_0468,1
P_PMP_0469,1
P_PMP_0470,0
P_PMP_0471,0
P_PMP_0472,0
P_PMP_0473,0
P_PMP_0474,0
P_PMP_0475,0
P_PMP_0476,0
P_PMP_0477,1
P_PMP_0478,0
P_PMP_0479,1
P_PMP_0480,0
P_PMP_0481,0
P_PMP_0482,0
P_PMP_0483,1
P_PMP_0484,1
P_PMP_0485,0
P_PMP_0486,0
P_PMP_0487,0
P_PMP_0488,0
P_PMP_0489,1
P_PMP_0490,0
P_PMP_0491,1
P_PMP_0492,0
P_PMP_0493,1
P_PMP_0494,1
P_PMP_0495,0
P_PMP_0496,0
P_PMP_0497,0
P_PMP_0498,0
P_PMP_0499,0
P_PMP_0500,0
P_PMP_0501,1
P_PMP_0502,1
P_PMP_0503,0
P_PMP_0504,0
P_PMP_0505,1
P_PMP_0506,1
P_PMP_0507,0
P_PMP_0508,0
P_PMP_0509,1
P_PMP_0510,0
P_PMP_0511,1
P_PMP_0512,1
P_PMP_0513,0
P_PMP_0514,0
P_PMP_0515,0
P_PMP_0516,1
P_PMP_0517,1
P_PMP_0518,0
P_PMP_0519,0
P_PMP_0520,1
P_PMP_0521,1
P_PMP_0522,0
P_PMP_0523,0
P_PMP_0524,0
P_PMP_0525,0
P_PMP_0526,0
P_PMP_0527,1
P_PMP_0528,1
P_PMP_0529,1
P_PMP_0530,0
P_PMP_0531,0
P_PMP_0532,0
P_PMP_0533,0
P_PMP_0534,0
P_PMP_0535,1
P_PMP_0536,0
P_PMP_0537,1
P_PMP_0538,0
P_PMP_0539,1
P_PMP_0540,0
P_PMP_0541,0
P_PMP_0542,0
P_PMP_0543,0
P_PMP_0544,0
P_PMP_0545,0
P_PMP_0546,0
P_PMP_0547,0
P_PMP_0548,0
P_PMP_0549,0
P_PMP_0550,0
P_PMP_0551,0
P_PMP_0552,0
P_PMP_0553,0
P_PMP_0554,0
P_PMP_0555,0
P_PMP_0556,0
P_PMP_0557,0
P_PMP_0558,0
P_PMP_0559,0
P_PMP_0560,0
P_PMP_0561,0
P_PMP_0562,0
P_PMP_0563,0
P_PMP_0564,0
P_PMP_0565,0
P_PMP_0566,0
P_PMP_0567,0
P_PMP_0568,0
P_PMP_0569,0
P_PMP_0570,0
P_PMP_0571,1
P_PMP_0572,0
P_PMP_0573,0
P_PMP_0574,0
P_PMP_0575,0
P_PMP_0576,0
P_PMP_0577,0
P_PMP_0578,0
P_PMP_0579,0
P_PMP_0580,1
P_PMP_0581,0
P_PMP_0582,0
P_PMP_0583,0
P_PMP_0584,0
P_PMP_0585,0
P_PMP_0586,0
P_PMP_0587,0
P_PMP_0588,1
P_PMP_0589,0
P_PMP_0590,0
P_PMP_0591,0
P_PMP_0592,0
P_PMP_0593,0
P_PMP_0594,1
P_PMP_0595,0
P_PMP_0596,0
P_PMP_0597,0
P_PMP_0598,0
P_PMP_0599,0
P_PMP_0600,1
P_PMP_0601,0
P_PMP_0602,1
P_PMP_0603,0
P_PMP_0604,0
P_PMP_0605,0
P_PMP_0606,0
P_PMP_0607,0
P_PMP_0608,0
P_PMP_0609,0
P_PMP_0610,0
P_PMP_0611,0
P_PMP_0612,0
P_PMP_0613,0
P_PMP_0614,0
P_PMP_0615,0
P_PMP_0616,0
P_PMP_0617,1
P_PMP_0618,0
P_PMP_0619,0
P_PMP_0620,1
P_PMP_0621,0
P_PMP_0622,0
P_PMP_0623,0
P_PMP_0624,0
P_PMP_0625,0
P_PMP_0626,0
P_PMP_0627,0
P_PMP_0628,0
P_PMP_0629,0
P_PMP_0630,0
P_PMP_0631,0
P_PMP_0632,0
P_PMP_0633,0
P_PMP_0634,0
P_PMP_0635,1
P_PMP_0636,0
P_PMP_0637,0
P_PMP_0638,0
P_PMP_0639,0
P_PMP_0640,0
P_PMP_0641,0
P_PMP_0642,0
P_PMP_0643,0
P_PMP_0644,0
P_PMP_0645,0
P_PMP_0646,0
P_PMP_0647,0
P_PMP_0648,0
P_PMP_0649,0
P_PMP_0650,0
P_PMP_0651,0
P_PMP_0652,0
P_PMP_0653,0
P_PMP_0654,0
P_PMP_0655,0
P_PMP_0656,0
P_PMP_0657,0
P_PMP_0658,0
P_PMP_0659,0
P_PMP_0660,0
P_PMP_0661,0
P_PMP_0662,1
P_PMP_0663,0
P_PMP_0664,0
P_PMP_0665,0
P_PMP_0666,0
P_PMP_0667,0
P_PMP_0668,1
P_PMP_0669,0
P_PMP_0670,0
P_PMP_0671,0
P_PMP_0672,0
P_PMP_0673,0
P_PMP_0674,0
P_PMP_0675,0
P_PMP_0676,0
P_PMP_0677,0
P_PMP_0678,0
P_PMP_0679,0
P_PMP_0680,0
P_PMP_0681,0
P_PMP_0682,0
P_PMP_0683,0
P_PMP_0684,0
P_PMP_0685,0
P_PMP_0686,0
P_PMP_0687,0
P_PMP_0688,0
P_PMP_0689,1
P_PMP_0690,0
P_PMP_0691,1
P_PMP_0692,0
P_PMP_0693,0
P_PMP_0694,1
P_PMP_0695,0
P_PMP_0696,1
P_PMP_0697,0
P_PMP_0698,0
P_PMP_0699,0
P_PMP_0700,0
P_PMP_0701,0
P_PMP_0702,0
P_PMP_0703,0
P_PMP_0704,0
P_PMP_0705,0
P_PMP_0706,0
P_PMP_0707,0
P_PMP_0708,1
P_PMP_0709,0
P_PMP_0710,0
P_PMP_0711,0
P_PMP_0712,0
P_PMP_0713,0
P_PMP_0714,0
P_PMP_0715,0
P_PMP_0716,0
P_PMP_0717,0
P_PMP_0718,0
P_PMP_0719,0
P_PMP_0720,0
P_PMP_0721,0
P_PMP_0722,0
P_PMP_0723,0
P_PMP_0724,0
P_PMP_0725,0
P_PMP_0726,0
P_PMP_0727,0
P_PMP_0728,0
P_PMP_0729,0
P_PMP_0730,0
P_PMP_0731,0
P_PMP_0732,0
P_PMP_0733,0
P_PMP_0734,0
P_PMP_0735,0
P_PMP_0736,0
P_PMP_0737,0
P_PMP_0738,0
P_PMP_0739,0
P_PMP_0740,0
P_PMP_0741,0
P_PMP_0742,0
P_PMP_0743,0
P_PMP_0744,0
P_PMP_0745,0
P_PMP_0746,0
P_PMP_0747,0
P_PMP_0748,0
P_PMP_0749,0
P_PMP_0750,0
P_PMP_0751,0
P_PMP_0752,0
P_PMP_0753,0
P_PMP_0754,0
P_PMP_0755,0
P_PMP_0756,0
P_PMP_0757,0
P_PMP_0758,0
P_PMP_0759,1
P_PMP_0760,0
P_PMP_0761,0
P_PMP_0762,1
P_PMP_0763,0
P_PMP_0764,0
P_PMP_0765,0
P_PMP_0766,0
P_PMP_0767,0
P_PMP_0768,0
P_PMP_0769,0
P_PMP_0770,0
P_PMP_0771,0
P_PMP_0772,0
P_PMP_0773,0
P_PMP_0774,0
P_PMP_0775,0
P_PMP_0776,0
P_PMP_0777,0
P_PMP_0778,0
P_PMP_0779,0
P_PMP_0780,0
P_PMP_0781,0
P_PMP_0782,0
P_PMP_0783,0
P_PMP_0784,0
P_PMP_0785,0
P_PMP_0786,0
P_PMP_0787,0
P_PMP_0788,1
P_PMP_0789,0
P_PMP_0790,0
P_PMP_0791,0
P_PMP_0792,0
P_PMP_0793,0
P_PMP_0794,1
P_PMP_0795,0
P_PMP_0796,0
P_PMP_0797,0
P_PMP_0798,0
P_PMP_0799,0
P_PMP_0800,0
P_PMP_0801,1
P_PMP_0802,0
P_PMP_0803,0
P_PMP_0804,1
P_PMP_0805,0
P_PMP_0806,1
P_PMP_0807,0
P_PMP_0808,0
P_PMP_0809,0
P_PMP_0810,0
P_PMP_0811,0
P_PMP_0812,0
P_PMP_0813,0
P_PMP_0814,0
P_PMP_0815,0
P_PMP_0816,0
P_PMP_0817,0
P_PMP_0818,0
P_PMP_0819,0
P_PMP_0820,0
P_PMP_0821,0
P_PMP_0822,0
P_PMP_0823,0
P_PMP_0824,0
P_PMP_0825,0
P_PMP_0826,0
P_PMP_0827,0
P_PMP_0828,0
P_PMP_0829,0
P_PMP_0830,0
P_PMP_0831,0
P_PMP_0832,0
P_PMP_0833,0
P_PMP_0834,1
P_PMP_0835,0
P_PMP_0836,0
P_PMP_0837,0
P_PMP_0838,1
P_PMP_0839,0
P_PMP_0840,0
P_PMP_0841,0
P_PMP_0842,0
P_PMP_0843,0
P_PMP_0844,0
P_PMP_0845,0
P_PMP_0846,0
P_PMP_0847,0
P_PMP_0848,0
P_PMP_0849,0
P_PMP_0850,0
P_PMP_0851,0
P_PMP_0852,0
P_PMP_0853,0
P_PMP_0854,0
P_PMP_0855,0
P_PMP_0856,0
P_PMP_0857,0
P_PMP_0858,0
P_PMP_0859,0
P_PMP_0860,0
P_PMP_0861,0
P_PMP_0862,0
P_PMP_0863,0
P_PMP_0864,1
P_PMP_0865,0
P_PMP_0866,0
P_PMP_0867,0
P_PMP_0868,0
P_PMP_0869,0
P_PMP_0870,0
P_PMP_0871,0
P_PMP_0872,0
P_PMP_0873,0
P_PMP_0874,0
P_PMP_0875,0
P_PMP_0876,0
P_PMP_0877,0
P_PMP_0878,0
P_PMP_0879,0
P_PMP_0880,0
P_PMP_0881,0
P_PMP_0882,1
P_PMP_0883,0
P_PMP_0884,0
P_PMP_0885,1
P_PMP_0886,0
P_PMP_0887,0
P_PMP_0888,0
P_PMP_0889,0
P_PMP_0890,0
P_PMP_0891,1
P_PMP_0892,0
P_PMP_0893,0
P_PMP_0894,0
P_PMP_0895,0
P_PMP_0896,0
P_PMP_0897,0
P_PMP_0898,0
P_PMP_0899,0
P_PMP_0900,0
P_PMP_0901,0
P_PMP_0902,0
P_PMP_0903,0
P_PMP_0904,0
P_PMP_0905,0
P_PMP_0906,0
P_PMP_0907,0
P_PMP_0908,0
P_PMP_0909,0
P_PMP_0910,0
P_PMP_0911,0
P_PMP_0912,0
P_PMP_0913,0
P_PMP_0914,0
P_PMP_0915,0
P_PMP_0916,0
P_PMP_0917,0
P_PMP_0918,0
P_PMP_0919,0
P_PMP_0920,1
P_PMP_0921,0
P_PMP_0922,0
P_PMP_0923,0
P_PMP_0924,0
P_PMP_0925,0
P_PMP_0926,0
P_PMP_0927,0
P_PMP_0928,0
P_PMP_0929,0
P_PMP_0930,0
P_PMP_0931,0
P_PMP_0932,0
P_PMP_0933,0
P_PMP_0934,1
P_PMP_0935,0
P_PMP_0936,1
P_PMP_0937,0
P_PMP_0938,0
P_PMP_0939,0
P_PMP_0940,0
P_PMP_0941,1
P_PMP_0942,0
P_PMP_0943,1
P_PMP_0944,0
P_PMP_0945,0
P_PMP_0946,0
P_PMP_0947,0
P_PMP_0948,0
P_PMP_0949,0
P_PMP_0950,0
P_PMP_0951,0
P_PMP_0952,1
P_PMP_0953,0
P_PMP_0954,0
P_PMP_0955,0
P_PMP_0956,0
P_PMP_0957,0
P_PMP_0958,0
P_PMP_0959,0
P_PMP_0960,0
P_PMP_0961,0
P_PMP_0962,0
P_PMP_0963,0
P_PMP_0964,0
P_PMP_0965,0
P_PMP_0966,0
P_PMP_0967,0
P_PMP_0968,0
P_PMP_0969,0
P_PMP_0970,0
P_PMP_0971,0
P_PMP_0972,0
P_PMP_0973,0
P_PMP_0974,0
P_PMP_0975,0
P_PMP_0976,0
P_PMP_0977,0
P_PMP_0978,0
P_PMP_0979,0
P_PMP_0980,0
P_PMP_0981,0
P_PMP_0982,0
P_PMP_0983,0
P_PMP_0984,0
P_PMP_0985,0
P_PMP_0986,1
P_PMP_0987,0
P_PMP_0988,0
P_PMP_0989,0
P_PMP_0990,0
P_PMP_0991,0
P_PMP_0992,0
P_PMP_0993,0
P_PMP_0994,0
P_PMP_0995,0
P_PMP_0996,0
P_PMP_0997,0
P_PMP_0998,0
P_PMP_0999,0
P_PMP_1000,0
P_PMP_1001,0
P_PMP_1002,0
P_PMP_1003,0
P_PMP_1004,1
P_PMP_1005,0
P_PMP_1006,0
P_PMP_1007,1
P_PMP_1008,0
P_PMP_1009,1
P_PMP_1010,0
P_PMP_1011,0
P_PMP_1012,0
P_PMP_1013,1
P_PMP_1014,0
P_PMP_1015,0
P_PMP_1016,0
P_PMP_1017,1
P_PMP_1018,0
P_PMP_1019,0
P_PMP_1020,0
P_PMP_1021,0
P_PMP_1022,1
P_PMP_1023,1
P_PMP_1024,0
P_PMP_1025,0
P_PMP_1026,0
P_PMP_1027,0
P_PMP_1028,0
P_PMP_1029,0
P_PMP_1030,0
P_PMP_1031,0
P_PMP_1032,1
P_PMP_1033,0
P_PMP_1034,0
P_PMP_1035,0
P_PMP_1036,0
P_PMP_1037,0
P_PMP_1038,0
P_PMP_1039,0
P_PMP_1040,0
P_PMP_1041,0
P_PMP_1042,0
P_PMP_1043,0
P_PMP_1044,0
P_PMP_1045,0
P_PMP_1046,0
P_PMP_1047,0
P_PMP_1048,0
P_PMP_1049,0
P_PMP_1050,0
P_PMP_1051,1
P_PMP_1052,0
P_PMP_1053,0
P_PMP_1054,0
P_PMP_1055,0
P_PMP_1056,0
P_PMP_1057,0
P_PMP_1058,0
P_PMP_1059,0
P_PMP_1060,0
P_PMP_1061,0
P_PMP_1062,0
P_PMP_1063,0
P_PMP_1064,0
P_PMP_1065,0
P_PMP_1066,0
P_PMP_1067,0
P_PMP_1068,0
P_PMP_1069,0
P_PMP_1070,0
P_PMP_1071,0
P_PMP_1072,1
P_PMP_1073,0
P_PMP_1074,0
P_PMP_1075,0
P_PMP_1076,0
P_PMP_1077,0
P_PMP_1078,0
P_PMP_1079,0
P_PMP_1080,0
P_PMP_1081,0
P_PMP_1082,0
P_PMP_1083,1
P_PMP_1084,0
P_PMP_1085,0
P_PMP_1086,0
P_PMP_1087,0
P_PMP_1088,0
P_PMP_1089,0
P_PMP_1090,1
P_PMP_1091,0
P_PMP_1092,0
P_PMP_1093,0
P_PMP_1094,0
P_PMP_1095,0
P_PMP_1096,0
P_PMP_1097,0
P_PMP_1098,0
P_PMP_1099,0
P_PMP_1100,0
P_PMP_1101,0
P_PMP_1102,0
P_PMP_1103,1
P_PMP_1104,0
P_PMP_1105,1
P_PMP_1106,0
P_PMP_1107,0
P_PMP_1108,0
P_PMP_1109,0
P_PMP_1110,1
P_PMP_1111,0
P_PMP_1112,0
P_PMP_1113,0
P_PMP_1114,0
P_PMP_1115,0
P_PMP_1116,0
P_PMP_1117,0
P_PMP_1118,0
P_PMP_1119,0
P_PMP_1120,0
P_PMP_1121,0
P_PMP_1122,0
P_PMP_1123,0
P_PMP_1124,0
P_PMP_1125,0
P_PMP_1126,0
P_PMP_1127,0
P_PMP_1128,0
P_PMP_1129,0
P_PMP_1130,0
P_PMP_1131,0
P_PMP_1132,0
P_PMP_1133,0
P_PMP_1134,0
P_PMP_1135,0
P_PMP_1136,0
P_PMP_1137,1
P_PMP_1138,0
P_PMP_1139,1
P_PMP_1140,0
P_PMP_1141,0
P_PMP_1142,0
P_PMP_1143,0
P_PMP_1144,0
P_PMP_1145,0
P_PMP_1146,0
P_PMP_1147,0
P_PMP_1148,0
P_PMP_1149,1
P_PMP_1150,0
P_PMP_1151,0
P_PMP_1152,0
P_PMP_1153,0
P_PMP_1154,1
P_PMP_1155,0
P_PMP_1156,0
P_PMP_1157,1
P_PMP_1158,0
P_PMP_1159,0
P_PMP_1160,0
P_PMP_1161,0
P_PMP_1162,0
P_PMP_1163,0
P_PMP_1164,0
P_PMP_1165,0
P_PMP_1166,0
P_PMP_1167,0
P_PMP_1168,0
P_PMP_1169,0
P_PMP_1170,0
P_PMP_1171,0
P_PMP_1172,0
P_PMP_1173,0
P_PMP_1174,1
P_PMP_1175,0
P_PMP_1176,0
P_PMP_1177,0
P_PMP_1178,0
P_PMP_1179,0
P_PMP_1180,0
P_PMP_1181,0
P_PMP_1182,0
P_PMP_1183,1
P_PMP_1184,0
P_PMP_1185,0
P_PMP_1186,0
P_PMP_1187,0
P_PMP_1188,0
P_PMP_1189,0
P_PMP_1190,1
P_PMP_1191,0
P_PMP_1192,0
P_PMP_1193,0
P_PMP_1194,0
P_PMP_1195,0
P_PMP_1196,0
P_PMP_1197,0
P_PMP_1198,0
P_PMP_1199,0
P_PMP_1200,0
P_PMP_1201,0
P_PMP_1202,0
P_PMP_1203,0
P_PMP_1204,0
P_PMP_1205,0
P_PMP_1206,0
P_PMP_1207,0
P_PMP_1208,0
P_PMP_1209,0
P_PMP_1210,0
P_PMP_1211,0
P_PMP_1212,0
P_PMP_1213,0
P_PMP_1214,0
P_PMP_1215,0
P_PMP_1216,0
P_PMP_1217,0
P_PMP_1218,0
P_PMP_1219,0
P_PMP_1220,0
P_PMP_1221,0
P_PMP_1222,0
P_PMP_1223,0
P_PMP_1224,0
P_PMP_1225,0
P_PMP_1226,0
P_PMP_1227,0
P_PMP_1228,0
P_PMP_1229,0
P_PMP_1230,0
P_PMP_1231,0
P_PMP_1232,0
P_PMP_1233,0
P_PMP_1234,0
P_PMP_1235,0
P_PMP_1236,0
P_PMP_1237,0
P_PMP_1238,0
P_PMP_1239,0
P_PMP_1240,0
P_PMP_1241,0
P_PMP_1242,0
P_PMP_1243,0
P_PMP_1244,0
P_PMP_1245,0
P_PMP_1246,0
P_PMP_1247,0
P_PMP_1248,0
P_PMP_1249,0
P_PMP_1250,0
P_PMP_1251,0
P_PMP_1252,0
P_PMP_1253,0
P_PMP_1254,0
P_PMP_1255,0
P_PMP_1256,0
P_PMP_1257,1
P_PMP_1258,0
P_PMP_1259,0
P_PMP_1260,0
P_PMP_1261,0
P_PMP_1262,0
P_PMP_1263,0
P_PMP_1264,0
P_PMP_1265,0
P_PMP_1266,0
P_PMP_1267,0
P_PMP_1268,0
P_PMP_1269,0
P_PMP_1270,0
P_PMP_1271,1
P_PMP_1272,0
P_PMP_1273,0
P_PMP_1274,1
P_PMP_1275,0
P_PMP_1276,0
P_PMP_1277,0
P_PMP_1278,0
P_PMP_1279,0
P_PMP_1280,0
P_PMP_1281,0
P_PMP_1282,0
P_PMP_1283,0
P_PMP_1284,0
P_PMP_1285,0
P_PMP_1286,0
P_PMP_1287,0
P_PMP_1288,0
P_PMP_1289,0
P_PMP_1290,0
P_PMP_1291,0
P_PMP_1292,0
P_PMP_1293,0
P_PMP_1294,0
P_PMP_1295,0
P_PMP_1296,0
P_PMP_1297,0
P_PMP_1298,0
P_PMP_1299,0
P_PMP_1300,0
P_PMP_1301,0
P_PMP_1302,0
P_PMP_1303,1
P_PMP_1304,0
P_PMP_1305,0
P_PMP_1306,0
P_PMP_1307,0
P_PMP_1308,0
P_PMP_1309,0
P_PMP_1310,0
P_PMP_1311,0
P_PMP_1312,0
P_PMP_1313,0
P_PMP_1314,0
P_PMP_1315,0
P_PMP_1316,0
P_PMP_1317,0
P_PMP_1318,1
P_PMP_1319,0
P_PMP_1320,0
P_PMP_1321,0
P_PMP_1322,0
P_PMP_1323,0
P_PMP_1324,0
P_PMP_1325,0
P_PMP_1326,0
P_PMP_1327,0
P_PMP_1328,1
P_PMP_1329,0
P_PMP_1330,0
P_PMP_1331,0
P_PMP_1332,0
P_PMP_1333,0
P_PMP_1334,1
P_PMP_1335,0
P_PMP_1336,0
P_PMP_1337,0
P_PMP_1338,0
P_PMP_1339,0
P_PMP_1340,0
P_PMP_1341,0
P_PMP_1342,0
P_PMP_1343,0
P_PMP_1344,0
P_PMP_1345,0
P_PMP_1346,0
P_PMP_1347,0
P_PMP_1348,0
P_PMP_1349,0
P_PMP_1350,1
P_PMP_1351,0
P_PMP_1352,0
P_PMP_1353,0
P_PMP_1354,0
P_PMP_1355,0
P_PMP_1356,0
P_PMP_1357,0
P_PMP_1358,0
P_PMP_1359,1
P_PMP_1360,1
P_PMP_1361,0
P_PMP_1362,0
P_PMP_1363,0
P_PMP_1364,0
P_PMP_1365,0
P_PMP_1366,0
P_PMP_1367,0
P_PMP_1368,0
P_PMP_1369,0
P_PMP_1370,0
P_PMP_1371,1
P_PMP_1372,0
P_PMP_1373,0
P_PMP_1374,0
P_PMP_1375,0
P_PMP_1376,0
P_PMP_1377,0
P_PMP_1378,0
P_PMP_1379,0
P_PMP_1380,0
P_PMP_1381,0
P_PMP_1382,0
P_PMP_1383,0
P_PMP_1384,0
P_PMP_1385,0
P_PMP_1386,0
P_PMP_1387,0
P_PMP_1388,0
P_PMP_1389,0
P_PMP_1390,0
P_PMP_1391,0
P_PMP_1392,0
P_PMP_1393,0
P_PMP_1394,0
P_PMP_1395,0
P_PMP_1396,0
P_PMP_1397,0
P_PMP_1398,0
P_PMP_1399,0
P_PMP_1400,1
P_PMP_1401,0
P_PMP_1402,1
P_PMP_1403,0
P_PMP_1404,0
P_PMP_1405,0
P_PMP_1406,0
P_PMP_1407,0
P_PMP_1408,0
P_PMP_1409,0
P_PMP_1410,0
P_PMP_1411,1
P_PMP_1412,0
P_PMP_1413,1
P_PMP_1414,0
P_PMP_1415,0
P_PMP_1416,0
P_PMP_1417,0
P_PMP_1418,0
P_PMP_1419,0
P_PMP_1420,0
P_PMP_1421,0
P_PMP_1422,0
P_PMP_1423,0
P_PMP_1424,1
P_PMP_1425,0
P_PMP_1426,0
P_PMP_1427,1
P_PMP_1428,0
P_PMP_1429,0
P_PMP_1430,0
P_PMP_1431,0
P_PMP_1432,0
P_PMP_1433,0
P_PMP_1434,0
P_PMP_1435,0
P_PMP_1436,0
P_PMP_1437,0
P_PMP_1438,0
P_PMP_1439,0
P_PMP_1440,0
P_PMP_1441,0
P_PMP_1442,0
P_PMP_1443,0
P_PMP_1444,0
P_PMP_1445,1
P_PMP_1446,0
P_PMP_1447,0
P_PMP_1448,0
P_PMP_1449,1
P_PMP_1450,0
P_PMP_1451,0
P_PMP_1452,0
P_PMP_1453,0
P_PMP_1454,0
P_PMP_1455,0
P_PMP_1456,0
P_PMP_1457,0
P_PMP_1458,0
P_PMP_1459,1
P_PMP_1460,0
P_PMP_1461,0
P_PMP_1462,0
P_PMP_1463,0
P_PMP_1464,0
P_PMP_1465,1
P_PMP_1466,0
P_PMP_1467,0
P_PMP_1468,1
P_PMP_1469,0
P_PMP_1470,0
P_PMP_1471,0
P_PMP_1472,0
P_PMP_1473,0
P_PMP_1474,0
P_PMP_1475,0
P_PMP_1476,0
P_PMP_1477,0
P_PMP_1478,0
P_PMP_1479,0
P_PMP_1480,1
P_PMP_1481,0
P_PMP_1482,0
P_PMP_1483,0
P_PMP_1484,0
P_PMP_1485,0
P_PMP_1486,0
P_PMP_1487,0
P_PMP_1488,0
P_PMP_1489,0
P_PMP_1490,0
P_PMP_1491,0
P_PMP_1492,0
P_PMP_1493,0
P_PMP_1494,0
P_PMP_1495,0
P_PMP_1496,0
P_PMP_1497,0
P_PMP_1498,0
P_PMP_1499,1
P_PMP_1500,0
P_PMP_1501,0
P_PMP_1502,0
P_PMP_1503,0
P_PMP_1504,0
P_PMP_1505,0
P_PMP_1506,0
P_PMP_1507,0
P_PMP_1508,0
P_PMP_1509,0
P_PMP_1510,1
P_PMP_1511,0
P_PMP_1512,0
P_PMP_1513,0
P_PMP_1514,0
P_PMP_1515,0
P_PMP_1516,0
P_PMP_1517,0
P_PMP_1518,0
P_PMP_1519,0
P_PMP_1520,0
P_PMP_1521,0
P_PMP_1522,0
P_PMP_1523,0
P_PMP_1524,0
P_PMP_1525,0
P_PMP_1526,0
P_PMP_1527,1
P_PMP_1528,0
P_PMP_1529,0
P_PMP_1530,0
P_PMP_1531,0
P_PMP_1532,0
P_PMP_1533,0
P_PMP_1534,1
P_PMP_1535,0
P_PMP_1536,0
P_PMP_1537,0
P_PMP_1538,0
P_PMP_1539,0
P_PMP_1540,1
P_PMP_1541,0
P_PMP_1542,0
P_PMP_1543,0
P_PMP_1544,0
P_PMP_1545,0
P_PMP_1546,0
P_PMP_1547,0
P_PMP_1548,0
P_PMP_1549,0
P_PMP_1550,0
P_PMP_1551,0
P_PMP_1552,0
P_PMP_1553,0
P_PMP_1554,0
P_PMP_1555,0
P_PMP_1556,0
P_PMP_1557,0
P_PMP_1558,1
P_PMP_1559,0
P_PMP_1560,0
P_PMP_1561,0
P_PMP_1562,0
P_PMP_1563,0
P_PMP_1564,0
P_PMP_1565,0
P_PMP_1566,0
P_PMP_1567,0
P_PMP_1568,0
P_PMP_1569,0
P_PMP_1570,0
P_PMP_1571,0
P_PMP_1572,0
P_PMP_1573,0
P_PMP_1574,0
P_PMP_1575,0
P_PMP_1576,0
P_PMP_1577,0
P_PMP_1578,0
P_PMP_1579,0
P_PMP_1580,0
P_PMP_1581,0
P_PMP_1582,0
P_PMP_1583,0
P_PMP_1584,0
P_PMP_1585,0
P_PMP_1586,0
P_PMP_1587,0
P_PMP_1588,0
P_PMP_1589,0
P_PMP_1590,0
P_PMP_1591,0
P_PMP_1592,0
P_PMP_1593,0
P_PMP_1594,0
P_PMP_1595,0
P_PMP_1596,0
P_PMP_1597,0
P_PMP_1598,0
P_PMP_1599,0
P_PMP_1600,0
P_PMP_1601,0
P_PMP_1602,0
P_PMP_1603,0
P_PMP_1604,0
P_PMP_1605,0
P_PMP_1606,0
P_PMP_1607,0
P_PMP_1608,1
P_PMP_1609,0
P_PMP_1610,0
P_PMP_1611,0
P_PMP_1612,0
P_PMP_1613,0
P_PMP_1614,0
P_PMP_1615,0
P_PMP_1616,0
P_PMP_1617,0
P_PMP_1618,0
P_PMP_1619,0
P_PMP_1620,0
P_PMP_1621,0
P_PMP_1622,0
P_PMP_1623,0
P_PMP_1624,0
P_PMP_1625,0
P_PMP_1626,0
P_PMP_1627,0
P_PMP_1628,0
P_PMP_1629,0
P_PMP_1630,0
P_PMP_1631,0
P_PMP_1632,0
P_PMP_1633,0
P_PMP_1634,0
P_PMP_1635,0
P_PMP_1636,0
P_PMP_1637,0
P_PMP_1638,0
P_PMP_1639,0
P_PMP_1640,0
P_PMP_1641,0
P_PMP_1642,0
P_PMP_1643,0
P_PMP_1644,0
P_PMP_1645,0
P_PMP_1646,0
P_PMP_1647,0
P_PMP_1648,0
P_PMP_1649,0
P_PMP_1650,0
P_PMP_1651,0
P_PMP_1652,0
P_PMP_1653,0
P_PMP_1654,0
P_PMP_1655,0
P_PMP_1656,0
P_PMP_1657,0
P_PMP_1658,1
P_PMP_1659,0
P_PMP_1660,0
P_PMP_1661,0
P_PMP_1662,0
P_PMP_1663,0
P_PMP_1664,0
P_PMP_1665,0
P_PMP_1666,0
P_PMP_1667,0
P_PMP_1668,0
P_PMP_1669,0
P_PMP_1670,0
P_PMP_1671,0
P_PMP_1672,0
P_PMP_1673,0
P_PMP_1674,0
P_PMP_1675,0
P_PMP_1676,0
P_PMP_1677,0
P_PMP_1678,0
P_PMP_1679,0
P_PMP_1680,0
P_PMP_1681,0
P_PMP_1682,0
P_PMP_1683,0
P_PMP_1684,0
P_PMP_1685,0
P_PMP_1686,0
P_PMP_1687,0
P_PMP_1688,0
P_PMP_1689,0
P_PMP_1690,1
P_PMP_1691,0
P_PMP_1692,0
P_PMP_1693,0
P_PMP_1694,0
P_PMP_1695,0
P_PMP_1696,0
P_PMP_1697,0
P_PMP_1698,0
P_PMP_1699,0
P_PMP_1700,0
P_PMP_1701,0
P_PMP_1702,0
P_PMP_1703,0
P_PMP_1704,0
P_PMP_1705,0
P_PMP_1706,0
P_PMP_1707,0
P_PMP_1708,0
P_PMP_1709,0
P_PMP_1710,0
P_PMP_1711,0
P_PMP_1712,0
P_PMP_1713,0
P_PMP_1714,1
P_PMP_1715,0
P_PMP_1716,0
P_PMP_1717,0
P_PMP_1718,0
P_PMP_1719,0
P_PMP_1720,0
P_PMP_1721,0
P_PMP_1722,0
P_PMP_1723,0
P_PMP_1724,0
P_PMP_1725,0
P_PMP_1726,0
P_PMP_1727,0
P_PMP_1728,0
P_PMP_1729,0
P_PMP_1730,0
P_PMP_1731,0
P_PMP_1732,0
P_PMP_1733,0
P_PMP_1734,0
P_PMP_1735,0
P_PMP_1736,0
P_PMP_1737,0
P_PMP_1738,0
P_PMP_1739,0
P_PMP_1740,0
P_PMP_1741,0
P_PMP_1742,0
P_PMP_1743,0
P_PMP_1744,0
P_PMP_1745,0
P_PMP_1746,0
P_PMP_1747,0
P_PMP_1748,0
P_PMP_1749,0
P_PMP_1750,0
P_PMP_1751,0
P_PMP_1752,0
P_PMP_1753,0
P_PMP_1754,0
P_PMP_1755,0
P_PMP_1756,0
P_PMP_1757,0
P_PMP_1758,0
P_PMP_1759,0
P_PMP_1760,0
P_PMP_1761,0
P_PMP_1762,0
P_PMP_1763,0
P_PMP_1764,0
P_PMP_1765,0
P_PMP_1766,0
P_PMP_1767,0
P_PMP_1768,0
P_PMP_1769,0
P_PMP_1770,0
P_PMP_1771,0
P_PMP_1772,1
P_PMP_1773,0
P_PMP_1774,0
P_PMP_1775,0
P_PMP_1776,0
P_PMP_1777,0
P_PMP_1778,0
P_PMP_1779,0
P_PMP_1780,0
P_PMP_1781,0
P_PMP_1782,0
P_PMP_1783,0
P_PMP_1784,0
P_PMP_1785,0
P_PMP_1786,0
P_PMP_1787,0
P_PMP_1788,0
P_PMP_1789,0
P_PMP_1790,1
P_PMP_1791,0
P_PMP_1792,0
P_PMP_1793,0
P_PMP_1794,0
P_PMP_1795,0
P_PMP_1796,0
P_PMP_1797,0
P_PMP_1798,0
P_PMP_1799,0
